Orchestra,Date,Title,Genre,Singer,Label,Master,Composer,Author,Arranger,Grouping,Pianist,Bassist,Bandoneons,Strings
Ricardo Tanturi,6/23/1937,Tierrita,Tango,Instrumental,Odeón,78rpm,Agustín Bardi,,,Odeon recordings 1937-38,Armando Posada,Enzo Raschelli,"Francisco Ferraro, Raúl Iglesias, Héctor Gondre, Juan Saettone, Emilio Aguirre ","Vicente Salerno, Armando Husso, Norberto Guzmán, Alberto Taido"
Ricardo Tanturi,6/23/1937,A La Luz Del Candil,Tango,Carlos Ortega,Odeón,78rpm,Carlos Vicente Geroni Flores,Julio Plácido Navarrine,,Odeon recordings 1937-38,Armando Posada,Enzo Raschelli,"Francisco Ferraro, Raúl Iglesias, Héctor Gondre, Juan Saettone, Emilio Aguirre ","Vicente Salerno, Armando Husso, Norberto Guzmán, Alberto Taido"
Ricardo Tanturi,6/9/1938,Gallo Ciego,Tango,Instrumental,Odeón,78rpm,Agustín Bardi,,,Odeon recordings 1937-38,Armando Posada,Enzo Raschelli,"Francisco Ferraro, Raúl Iglesias, Héctor Gondre, Juan Saettone, Emilio Aguirre ","Vicente Salerno, Armando Husso, Norberto Guzmán, Alberto Taido"
Ricardo Tanturi,11/18/1940,La Cumparsita,Tango,Instrumental,Víctor,78rpm,Gerardo Hernán Matos Rodríguez,Pascual Contursi; Enrique Pedro Maroni; Gerardo Hernán Matos Rodríguez,,Castillo 1940-43,Armando Posada,Enzo Raschelli,"Francisco Ferraro, Raúl Iglesias, Héctor Gondre, Juan Saettone, Emilio Aguirre ","Vicente Salerno, Armando Husso, Norberto Guzmán, Alberto Taido"
Ricardo Tanturi,11/18/1940,Argañaraz,Tango,Instrumental,Víctor,78rpm,Roberto Firpo,Enrique Cadícamo,,Castillo 1940-43,Armando Posada,Enzo Raschelli,"Francisco Ferraro, Raúl Iglesias, Héctor Gondre, Juan Saettone, Emilio Aguirre ","Vicente Salerno, Armando Husso, Norberto Guzmán, Alberto Taido"
Ricardo Tanturi,1/8/1941,El Buey Solo,Tango,Instrumental,Víctor,78rpm,Agustín Bardi,,,Castillo 1940-43,Armando Posada,Enzo Raschelli,"Francisco Ferraro, Raúl Iglesias, Héctor Gondre, Juan Saettone, Emilio Aguirre ","Vicente Salerno, Armando Husso, Norberto Guzmán, Alberto Taido"
Ricardo Tanturi,1/8/1941,Recuerdo,Vals,Alberto Castillo,Víctor,78rpm,Alfredo Ángel Pelaia,Alfredo Ángel Pelaia,,Castillo 1940-43,Armando Posada,Enzo Raschelli,"Francisco Ferraro, Raúl Iglesias, Héctor Gondre, Juan Saettone, Emilio Aguirre ","Vicente Salerno, Armando Husso, Norberto Guzmán, Alberto Taido"
Ricardo Tanturi,2/19/1941,La Vida Es Corta,Tango,Alberto Castillo,Víctor,78rpm,Ricardo Tanturi,Francisco Gorrindo,,Castillo 1940-43,Armando Posada,Enzo Raschelli,"Francisco Ferraro, Raúl Iglesias, Héctor Gondre, Juan Saettone, Emilio Aguirre ","Vicente Salerno, Armando Husso, Norberto Guzmán, Alberto Taido"
Ricardo Tanturi,2/19/1941,Mozo Guapo,Milonga,Alberto Castillo,Víctor,78rpm,Ricardo Tanturi,Eusebio Francisco López,,Castillo 1940-43,Armando Posada,Enzo Raschelli,"Francisco Ferraro, Raúl Iglesias, Héctor Gondre, Juan Saettone, Emilio Aguirre ","Vicente Salerno, Armando Husso, Norberto Guzmán, Alberto Taido"
Ricardo Tanturi,5/6/1941,Una Noche De Garufa,Tango,Instrumental,Víctor,78rpm,Eduardo Arolas,Gabriel Clausi,,Castillo 1940-43,Armando Posada,Enzo Raschelli,"Francisco Ferraro, Raúl Iglesias, Héctor Gondre, Juan Saettone, Emilio Aguirre ","Vicente Salerno, Armando Husso, Norberto Guzmán, Alberto Taido"
Ricardo Tanturi,5/6/1941,La Serenata,Vals,Alberto Castillo,Víctor,78rpm,Vicente Salerno,Samuel Aguayo,,Castillo 1940-43,Armando Posada,Enzo Raschelli,"Francisco Ferraro, Raúl Iglesias, Héctor Gondre, Juan Saettone, Emilio Aguirre ","Vicente Salerno, Armando Husso, Norberto Guzmán, Alberto Taido"
Ricardo Tanturi,6/16/1941,Comparsa Criolla,Tango,Instrumental,Víctor,78rpm,Rafael Iriarte,,,Castillo 1940-43,Armando Posada,Enzo Raschelli,"Francisco Ferraro, Raúl Iglesias, Héctor Gondre, Juan Saettone, Emilio Aguirre ","Vicente Salerno, Armando Husso, Norberto Guzmán, Alberto Taido"
Ricardo Tanturi,6/16/1941,Pocas Palabras,Tango,Alberto Castillo,Víctor,78rpm,Ricardo Tanturi,Enrique Cadícamo,,Castillo 1940-43,Armando Posada,Enzo Raschelli,"Francisco Ferraro, Raúl Iglesias, Héctor Gondre, Juan Saettone, Emilio Aguirre ","Vicente Salerno, Armando Husso, Norberto Guzmán, Alberto Taido"
Ricardo Tanturi,7/7/1941,Lágrimas,Tango,Instrumental,Víctor,78rpm,Eduardo Arolas,Héctor Polito,,Castillo 1940-43,Armando Posada,Enzo Raschelli,"Francisco Ferraro, Raúl Iglesias, Héctor Gondre, Juan Saettone, Emilio Aguirre ","Vicente Salerno, Armando Husso, Norberto Guzmán, Alberto Taido"
Ricardo Tanturi,7/7/1941,Mi Romance,Vals,Alberto Castillo,Víctor,78rpm,José Raúl Iglesias,Juan Bautista Gatti,,Castillo 1940-43,Armando Posada,Enzo Raschelli,"Francisco Ferraro, Raúl Iglesias, Héctor Gondre, Juan Saettone, Emilio Aguirre ","Vicente Salerno, Armando Husso, Norberto Guzmán, Alberto Taido"
Ricardo Tanturi,8/14/1941,Noches De Colón,Tango,Alberto Castillo,Víctor,78rpm,Raúl Joaquín de los Hoyos,Roberto Lino Cayol,,Castillo 1940-43,Armando Posada,Enzo Raschelli,"Francisco Ferraro, Raúl Iglesias, Héctor Gondre, Juan Saettone, Emilio Aguirre ","Vicente Salerno, Armando Husso, Norberto Guzmán, Alberto Taido"
Ricardo Tanturi,8/14/1941,Adiós Pueblo,Tango,Instrumental,Víctor,78rpm,Agustín Bardi,José Pedro de Grandis,,Castillo 1940-43,Armando Posada,Enzo Raschelli,"Francisco Ferraro, Raúl Iglesias, Héctor Gondre, Juan Saettone, Emilio Aguirre ","Vicente Salerno, Armando Husso, Norberto Guzmán, Alberto Taido"
Ricardo Tanturi,9/18/1941,Di Di,Tango,Instrumental,Víctor,78rpm,Roberto Firpo,,,Castillo 1940-43,Armando Posada,Enzo Raschelli,"Francisco Ferraro, Raúl Iglesias, Héctor Gondre, Juan Saettone, Emilio Aguirre ","Vicente Salerno, Armando Husso, Norberto Guzmán, Alberto Taido"
Ricardo Tanturi,9/18/1941,Mi Morocha,Milonga,Alberto Castillo,Víctor,78rpm,Emilio Aguirre Q.,Enrique Dizeo,,Castillo 1940-43,Armando Posada,Enzo Raschelli,"Francisco Ferraro, Raúl Iglesias, Héctor Gondre, Juan Saettone, Emilio Aguirre ","Vicente Salerno, Armando Husso, Norberto Guzmán, Alberto Taido"
Ricardo Tanturi,11/27/1941,La Huella,Tango,Instrumental,Víctor,78rpm,Manuel Aníbal Villanueva,Enrique Cadícamo,,Castillo 1940-43,Armando Posada,Enzo Raschelli,"Francisco Ferraro, Raúl Iglesias, Héctor Gondre, Juan Saettone, Emilio Aguirre ","Vicente Salerno, Armando Husso, Norberto Guzmán, Alberto Taido"
Ricardo Tanturi,11/27/1941,El Moro,Tango,Alberto Castillo,Víctor,78rpm,Carlos Gardel; José Razzano,Carlos Gardel; José Razzano,,Castillo 1940-43,Armando Posada,Enzo Raschelli,"Francisco Ferraro, Raúl Iglesias, Héctor Gondre, Juan Saettone, Emilio Aguirre ","Vicente Salerno, Armando Husso, Norberto Guzmán, Alberto Taido"
Ricardo Tanturi,12/23/1941,Recuerdo Malevo,Tango,Alberto Castillo,Víctor,78rpm,Carlos Gardel,Alfredo Le Pera,,Castillo 1940-43,Armando Posada,Enzo Raschelli,"Francisco Ferraro, Raúl Iglesias, Héctor Gondre, Juan Saettone, Emilio Aguirre ","Vicente Salerno, Armando Husso, Norberto Guzmán, Alberto Taido"
Ricardo Tanturi,12/23/1941,Ese Sos Vos,Tango,Alberto Castillo,Víctor,78rpm,Ricardo Tanturi,Francisco García Jiménez,,Castillo 1940-43,Armando Posada,Enzo Raschelli,"Francisco Ferraro, Raúl Iglesias, Héctor Gondre, Juan Saettone, Emilio Aguirre ","Vicente Salerno, Armando Husso, Norberto Guzmán, Alberto Taido"
Ricardo Tanturi,3/18/1942,Al Compás De Un Tango,Tango,Alberto Castillo,Víctor,78rpm,Alberto Suárez Villanueva,Oscar Rubens,,Castillo 1940-43,Armando Posada,Enzo Raschelli,"Francisco Ferraro, Raúl Iglesias, Héctor Gondre, Juan Saettone, Emilio Aguirre ","Vicente Salerno, Armando Husso, Norberto Guzmán, Alberto Taido"
Ricardo Tanturi,3/18/1942,Madame Ivonne,Tango,Alberto Castillo,Víctor,78rpm,Eduardo Pereyra,Enrique Domingo Cadícamo,,Castillo 1940-43,Armando Posada,Enzo Raschelli,"Francisco Ferraro, Raúl Iglesias, Héctor Gondre, Juan Saettone, Emilio Aguirre ","Vicente Salerno, Armando Husso, Norberto Guzmán, Alberto Taido"
Ricardo Tanturi,5/27/1942,Así Es La Milonga,Milonga,Alberto Castillo,Víctor,78rpm,Oscar Rubens,Oscar Rubens,,Castillo 1940-43,Armando Posada,Enzo Raschelli,"Francisco Ferraro, Raúl Iglesias, Héctor Gondre, Juan Saettone, Emilio Aguirre ","Vicente Salerno, Armando Husso, Norberto Guzmán, Alberto Taido"
Ricardo Tanturi,5/27/1942,Decile Que Vuelva,Tango,Alberto Castillo,Víctor,78rpm,Miguel Eusebio Bucino,Miguel Eusebio Bucino,,Castillo 1940-43,Armando Posada,Enzo Raschelli,"Francisco Ferraro, Raúl Iglesias, Héctor Gondre, Juan Saettone, Emilio Aguirre ","Vicente Salerno, Armando Husso, Norberto Guzmán, Alberto Taido"
Ricardo Tanturi,7/20/1942,La Copa Del Olvido,Tango,Alberto Castillo,Víctor,78rpm,Enrique Delfino,Alberto Vacarezza,,Castillo 1940-43,Armando Posada,Enzo Raschelli,"Francisco Ferraro, Raúl Iglesias, Héctor Gondre, Juan Saettone, Emilio Aguirre ","Vicente Salerno, Armando Husso, Norberto Guzmán, Alberto Taido"
Ricardo Tanturi,7/20/1942,Tango,Tango,Alberto Castillo,Víctor,78rpm,Sebastián Piana,Homero Manzi,,Castillo 1940-43,Armando Posada,Enzo Raschelli,"Francisco Ferraro, Raúl Iglesias, Héctor Gondre, Juan Saettone, Emilio Aguirre ","Vicente Salerno, Armando Husso, Norberto Guzmán, Alberto Taido"
Ricardo Tanturi,8/14/1942,Esta Noche Me Emborracho,Tango,Alberto Castillo,Víctor,78rpm,Enrique Santos Discépolo,Enrique Santos Discépolo,,Castillo 1940-43,Armando Posada,Enzo Raschelli,"Francisco Ferraro, Raúl Iglesias, Héctor Gondre, Juan Saettone, Emilio Aguirre ","Vicente Salerno, Armando Husso, Norberto Guzmán, Alberto Taido"
Ricardo Tanturi,8/14/1942,El Tango Es El Tango,Tango,Alberto Castillo,Víctor,78rpm,José Raúl Iglesias,Juan Bautista Gatti,,Castillo 1940-43,Armando Posada,Enzo Raschelli,"Francisco Ferraro, Raúl Iglesias, Héctor Gondre, Juan Saettone, Emilio Aguirre ","Vicente Salerno, Armando Husso, Norberto Guzmán, Alberto Taido"
Ricardo Tanturi,9/15/1942,Cómo Se Pianta La Vida,Tango,Alberto Castillo,Víctor,78rpm,Carlos Viván,Carlos Viván,,Castillo 1940-43,Armando Posada,Enzo Raschelli,"Francisco Ferraro, Raúl Iglesias, Héctor Gondre, Juan Saettone, Emilio Aguirre ","Vicente Salerno, Armando Husso, Norberto Guzmán, Alberto Taido"
Ricardo Tanturi,9/15/1942,Marisabel,Vals,Alberto Castillo,Víctor,78rpm,Carlos Vicente Geroni Flores,Claudio Frollo (Carlos Raúl Atwell Ocantos),,Castillo 1940-43,Armando Posada,Enzo Raschelli,"Francisco Ferraro, Raúl Iglesias, Héctor Gondre, Juan Saettone, Emilio Aguirre ","Vicente Salerno, Armando Husso, Norberto Guzmán, Alberto Taido"
Ricardo Tanturi,9/22/1942,Muñeca Brava,Tango,Alberto Castillo,Víctor,78rpm,Luis Nicolas Visca,Enrique Cadícamo,,Castillo 1940-43,Armando Posada,Enzo Raschelli,"Francisco Ferraro, Raúl Iglesias, Héctor Gondre, Juan Saettone, Emilio Aguirre ","Vicente Salerno, Armando Husso, Norberto Guzmán, Alberto Taido"
Ricardo Tanturi,9/22/1942,Un Crimen,Tango,Alberto Castillo,Víctor,78rpm,Luis Rubistein,Luis Rubistein,,Castillo 1940-43,Armando Posada,Enzo Raschelli,"Francisco Ferraro, Raúl Iglesias, Héctor Gondre, Juan Saettone, Emilio Aguirre ","Vicente Salerno, Armando Husso, Norberto Guzmán, Alberto Taido"
Ricardo Tanturi,11/4/1942,Cuatro Compases,Tango,Alberto Castillo,Víctor,78rpm,Atilio Bruni,Oscar Rubens,,Castillo 1940-43,Armando Posada,Enzo Raschelli,"Francisco Ferraro, Raúl Iglesias, Héctor Gondre, Juan Saettone, Emilio Aguirre ","Vicente Salerno, Armando Husso, Norberto Guzmán, Alberto Taido"
Ricardo Tanturi,11/4/1942,Recuerdo,Tango,Instrumental,Víctor,78rpm,Osvaldo Pugliese,Eduardo Moreno,,Castillo 1940-43,Armando Posada,Enzo Raschelli,"Francisco Ferraro, Raúl Iglesias, Héctor Gondre, Juan Saettone, Emilio Aguirre ","Vicente Salerno, Armando Husso, Norberto Guzmán, Alberto Taido"
Ricardo Tanturi,12/4/1942,Así Se Baila El Tango,Tango,Alberto Castillo,Víctor,78rpm,Elías Randal,Marvil (Elizardo Martínez Vilas),,Castillo 1940-43,Armando Posada,Enzo Raschelli,"Francisco Ferraro, Raúl Iglesias, Héctor Gondre, Juan Saettone, Emilio Aguirre ","Vicente Salerno, Armando Husso, Norberto Guzmán, Alberto Taido"
Ricardo Tanturi,12/4/1942,Canción De Rango,Tango,Alberto Castillo,Víctor,78rpm,Raúl Kaplún,José María Suñé,,Castillo 1940-43,Armando Posada,Enzo Raschelli,"Francisco Ferraro, Raúl Iglesias, Héctor Gondre, Juan Saettone, Emilio Aguirre ","Vicente Salerno, Armando Husso, Norberto Guzmán, Alberto Taido"
Ricardo Tanturi,12/4/1942,Moneda De Cobre,Tango,Alberto Castillo,Víctor,78rpm,Carlos Viván,Horacio Sanguinetti,,Castillo 1940-43,Armando Posada,Enzo Raschelli,"Francisco Ferraro, Raúl Iglesias, Héctor Gondre, Juan Saettone, Emilio Aguirre ","Vicente Salerno, Armando Husso, Norberto Guzmán, Alberto Taido"
Ricardo Tanturi,12/4/1942,Me Llaman El Zorro,Tango,Alberto Castillo,Víctor,78rpm,Mario Perini,Roberto Lambertucci,,Castillo 1940-43,Armando Posada,Enzo Raschelli,"Francisco Ferraro, Raúl Iglesias, Héctor Gondre, Juan Saettone, Emilio Aguirre ","Vicente Salerno, Armando Husso, Norberto Guzmán, Alberto Taido"
Ricardo Tanturi,3/2/1943,Que Podrán Decir,Tango,Alberto Castillo,Víctor,78rpm,Vicente Salerno,Alfredo Bigeschi,,Castillo 1940-43,Armando Posada,Enzo Raschelli,"Francisco Ferraro, Raúl Iglesias, Héctor Gondre, Juan Saettone, Emilio Aguirre ","Vicente Salerno, Armando Husso, Norberto Guzmán, Alberto Taido"
Ricardo Tanturi,3/2/1943,A Otra Cosa Che Pebeta,Tango,Alberto Castillo,Víctor,78rpm,Ricardo Tanturi,Enrique Cadícamo,,Castillo 1940-43,Armando Posada,Enzo Raschelli,"Francisco Ferraro, Raúl Iglesias, Héctor Gondre, Juan Saettone, Emilio Aguirre ","Vicente Salerno, Armando Husso, Norberto Guzmán, Alberto Taido"
Ricardo Tanturi,3/2/1943,Con Los Amigos,Vals,Alberto Castillo,Víctor,78rpm,Carlos Gardel; José Razzano,Carlos Gardel; José Razzano,,Castillo 1940-43,Armando Posada,Enzo Raschelli,"Francisco Ferraro, Raúl Iglesias, Héctor Gondre, Juan Saettone, Emilio Aguirre ","Vicente Salerno, Armando Husso, Norberto Guzmán, Alberto Taido"
Ricardo Tanturi,3/2/1943,Entre Sueños,Tango,Instrumental,Víctor,78rpm,Anselmo Alfredo Aieta; Juan Polito,Francisco García Jiménez,,Castillo 1940-43,Armando Posada,Enzo Raschelli,"Francisco Ferraro, Raúl Iglesias, Héctor Gondre, Juan Saettone, Emilio Aguirre ","Vicente Salerno, Armando Husso, Norberto Guzmán, Alberto Taido"
Ricardo Tanturi,3/16/1943,Ya Sale El Tren,Tango,Alberto Castillo,Víctor,78rpm,Luis Rubistein,Luis Rubistein,,Castillo 1940-43,Armando Posada,Enzo Raschelli,"Francisco Ferraro, Raúl Iglesias, Héctor Gondre, Juan Saettone, Emilio Aguirre ","Vicente Salerno, Armando Husso, Norberto Guzmán, Alberto Taido"
Ricardo Tanturi,3/16/1943,Mi Piba,Tango,Alberto Castillo,Víctor,78rpm,Rodolfo Sciammarella,Manuel Romero,,Castillo 1940-43,Armando Posada,Enzo Raschelli,"Francisco Ferraro, Raúl Iglesias, Héctor Gondre, Juan Saettone, Emilio Aguirre ","Vicente Salerno, Armando Husso, Norberto Guzmán, Alberto Taido"
Ricardo Tanturi,4/29/1943,La Última Copa,Tango,Alberto Castillo,Víctor,78rpm,Francisco Canaro,Juan Andrés Caruso,,Castillo 1940-43,Armando Posada,Enzo Raschelli,"Francisco Ferraro, Raúl Iglesias, Héctor Gondre, Juan Saettone, Emilio Aguirre ","Vicente Salerno, Armando Husso, Norberto Guzmán, Alberto Taido"
Ricardo Tanturi,4/29/1943,Que Me Quiten Lo Bailado,Tango,Alberto Castillo,Víctor,78rpm,Miguel Eusebio Bucino,Miguel Eusebio Bucino,,Castillo 1940-43,Armando Posada,Enzo Raschelli,"Francisco Ferraro, Raúl Iglesias, Héctor Gondre, Juan Saettone, Emilio Aguirre ","Vicente Salerno, Armando Husso, Norberto Guzmán, Alberto Taido"
Ricardo Tanturi,5/7/1943,Barajando Recuerdos,Tango,Alberto Castillo,Víctor,78rpm,Luis Nicolas Visca,Enrique Cadícamo,,Castillo 1940-43,Armando Posada,Enzo Raschelli,"Francisco Ferraro, Raúl Iglesias, Héctor Gondre, Juan Saettone, Emilio Aguirre ","Vicente Salerno, Armando Husso, Norberto Guzmán, Alberto Taido"
Ricardo Tanturi,5/7/1943,Bailongo De Los Domingos,Tango,Alberto Castillo,Víctor,78rpm,Antonio Oscar Arona,Francisco García Jiménez,,Castillo 1940-43,Armando Posada,Enzo Raschelli,"Francisco Ferraro, Raúl Iglesias, Héctor Gondre, Juan Saettone, Emilio Aguirre ","Vicente Salerno, Armando Husso, Norberto Guzmán, Alberto Taido"
Ricardo Tanturi,8/6/1943,Muchachos Comienza La Ronda,Tango,Enrique Campos,Víctor,78rpm,Luis Porcell,Leopoldo Díaz Vélez,,Campos 1943-46,Armando Posada,Enzo Raschelli,"Francisco Ferraro, Raúl Iglesias, Héctor Gondre, Juan Saettone, Emilio Aguirre ","Vicente Salerno, Armando Husso, Norberto Guzmán, Alberto Taido"
Ricardo Tanturi,8/6/1943,Al Pasar,Vals,Enrique Campos,Víctor,78rpm,José Raúl Iglesias,Juan Bautista Gatti,,Campos 1943-46,Armando Posada,Enzo Raschelli,"Francisco Ferraro, Raúl Iglesias, Héctor Gondre, Juan Saettone, Emilio Aguirre ","Vicente Salerno, Armando Husso, Norberto Guzmán, Alberto Taido"
Ricardo Tanturi,8/6/1943,Vieja Esquina,Tango,Enrique Campos,Víctor,78rpm,Mario Perini,Roberto Lambertucci,,Campos 1943-46,Armando Posada,Enzo Raschelli,"Francisco Ferraro, Raúl Iglesias, Héctor Gondre, Juan Saettone, Emilio Aguirre ","Vicente Salerno, Armando Husso, Norberto Guzmán, Alberto Taido"
Ricardo Tanturi,8/6/1943,Por Eso Canto Yo,Tango,Enrique Campos,Víctor,78rpm,Juan Puey,Reinaldo Yiso,,Campos 1943-46,Armando Posada,Enzo Raschelli,"Francisco Ferraro, Raúl Iglesias, Héctor Gondre, Juan Saettone, Emilio Aguirre ","Vicente Salerno, Armando Husso, Norberto Guzmán, Alberto Taido"
Ricardo Tanturi,8/19/1943,Palomita Mía,Tango,Enrique Campos,Víctor,78rpm,Carlos Viván,Horacio Sanguinetti,,Campos 1943-46,Armando Posada,Enzo Raschelli,"Francisco Ferraro, Raúl Iglesias, Héctor Gondre, Juan Saettone, Emilio Aguirre ","Vicente Salerno, Armando Husso, Norberto Guzmán, Alberto Taido"
Ricardo Tanturi,8/19/1943,Así Se Canta,Tango,Enrique Campos,Víctor,78rpm,Elías Randal,Elizardo Martínez Vilas,,Campos 1943-46,Armando Posada,Enzo Raschelli,"Francisco Ferraro, Raúl Iglesias, Héctor Gondre, Juan Saettone, Emilio Aguirre ","Vicente Salerno, Armando Husso, Norberto Guzmán, Alberto Taido"
Ricardo Tanturi,10/5/1943,"Dos Palabras, Por Favor",Tango,Enrique Campos,Víctor,78rpm,Luis Nicolas Visca,Luis Rubistein,,Campos 1943-46,Armando Posada,Enzo Raschelli,"Francisco Ferraro, Raúl Iglesias, Héctor Gondre, Juan Saettone, Emilio Aguirre ","Vicente Salerno, Armando Husso, Norberto Guzmán, Alberto Taido"
Ricardo Tanturi,10/5/1943,Que Bien Te Queda,Tango,Enrique Campos,Víctor,78rpm,Vicente Salerno,Juan Florencio Mazzaroni,,Campos 1943-46,Armando Posada,Enzo Raschelli,"Francisco Ferraro, Raúl Iglesias, Héctor Gondre, Juan Saettone, Emilio Aguirre ","Vicente Salerno, Armando Husso, Norberto Guzmán, Alberto Taido"
Ricardo Tanturi,11/17/1943,Oigo Tu Voz,Tango,Enrique Campos,Víctor,78rpm,Mario Canaro,Francisco García Jiménez,,Campos 1943-46,Armando Posada,Enzo Raschelli,"Francisco Ferraro, Raúl Iglesias, Héctor Gondre, Juan Saettone, Emilio Aguirre ","Vicente Salerno, Armando Husso, Norberto Guzmán, Alberto Taido"
Ricardo Tanturi,11/17/1943,Una Emoción,Tango,Enrique Campos,Víctor,78rpm,Raúl Kaplún,José Maria Suñe,,Campos 1943-46,Armando Posada,Enzo Raschelli,"Francisco Ferraro, Raúl Iglesias, Héctor Gondre, Juan Saettone, Emilio Aguirre ","Vicente Salerno, Armando Husso, Norberto Guzmán, Alberto Taido"
Ricardo Tanturi,11/17/1943,Que Nunca Me Falte,Tango,Enrique Campos,Víctor,78rpm,Héctor Morales,Héctor Marcó,,Campos 1943-46,Armando Posada,Enzo Raschelli,"Francisco Ferraro, Raúl Iglesias, Héctor Gondre, Juan Saettone, Emilio Aguirre ","Vicente Salerno, Armando Husso, Norberto Guzmán, Alberto Taido"
Ricardo Tanturi,11/17/1943,Malvón,Tango,Enrique Campos,Víctor,78rpm,Antonio Oscar Arona,Francisco García Jiménez,,Campos 1943-46,Armando Posada,Enzo Raschelli,"Francisco Ferraro, Raúl Iglesias, Héctor Gondre, Juan Saettone, Emilio Aguirre ","Vicente Salerno, Armando Husso, Norberto Guzmán, Alberto Taido"
Ricardo Tanturi,12/16/1943,Sollozo De Bandoneón,Tango,Enrique Campos,Víctor,78rpm,Ricardo Tanturi,Enrique Cadícamo,,Campos 1943-46,Armando Posada,Enzo Raschelli,"Francisco Ferraro, Raúl Iglesias, Héctor Gondre, Juan Saettone, Emilio Aguirre ","Vicente Salerno, Armando Husso, Norberto Guzmán, Alberto Taido"
Ricardo Tanturi,12/16/1943,Qué Vas Buscando Muñeca,Tango,Enrique Campos,Víctor,78rpm,José Basso; Jorge Ortiz,José Barreiros Bazán,,Campos 1943-46,Armando Posada,Enzo Raschelli,"Francisco Ferraro, Raúl Iglesias, Héctor Gondre, Juan Saettone, Emilio Aguirre ","Vicente Salerno, Armando Husso, Norberto Guzmán, Alberto Taido"
Ricardo Tanturi,1/21/1944,Rey De Tango,Tango,Enrique Campos,Víctor,78rpm,Enrique Campos; Mario Perini,Roberto Lambertucci,,Campos 1943-46,Armando Posada,Enzo Raschelli,"Francisco Ferraro, Raúl Iglesias, Héctor Gondre, Juan Saettone, Emilio Aguirre ","Vicente Salerno, Armando Husso, Norberto Guzmán, Alberto Taido"
Ricardo Tanturi,1/21/1944,Quien Canta Mejor Que Yo,Milonga,Enrique Campos,Víctor,78rpm,Ricardo Tanturi,Enrique Dizeo,,Campos 1943-46,Armando Posada,Enzo Raschelli,"Francisco Ferraro, Raúl Iglesias, Héctor Gondre, Juan Saettone, Emilio Aguirre ","Vicente Salerno, Armando Husso, Norberto Guzmán, Alberto Taido"
Ricardo Tanturi,3/24/1944,Y Siempre Igual,Tango,Enrique Campos,Víctor,78rpm,Arturo Gallucci,Luis Rafael Caruso,,Campos 1943-46,Armando Posada,Enzo Raschelli,"Francisco Ferraro, Raúl Iglesias, Héctor Gondre, Juan Saettone, Emilio Aguirre ","Vicente Salerno, Armando Husso, Norberto Guzmán, Alberto Taido"
Ricardo Tanturi,3/24/1944,Recién,Tango,Enrique Campos,Víctor,78rpm,Osvaldo Pugliese,Homero Manzi,,Campos 1943-46,Armando Posada,Enzo Raschelli,"Francisco Ferraro, Raúl Iglesias, Héctor Gondre, Juan Saettone, Emilio Aguirre ","Vicente Salerno, Armando Husso, Norberto Guzmán, Alberto Taido"
Ricardo Tanturi,4/27/1944,La Abandone Y No Sabía,Tango,Enrique Campos,Víctor,78rpm,José Canet,José Canet,,Campos 1943-46,Armando Posada,Enzo Raschelli,"Francisco Ferraro, Raúl Iglesias, Héctor Gondre, Juan Saettone, Emilio Aguirre ","Vicente Salerno, Armando Husso, Norberto Guzmán, Alberto Taido"
Ricardo Tanturi,4/27/1944,Y Cómo Le Iba Contando,Tango,Enrique Campos,Víctor,78rpm,Arturo Gallucci,Enrique Dizeo,,Campos 1943-46,Armando Posada,Enzo Raschelli,"Francisco Ferraro, Raúl Iglesias, Héctor Gondre, Juan Saettone, Emilio Aguirre ","Vicente Salerno, Armando Husso, Norberto Guzmán, Alberto Taido"
Ricardo Tanturi,4/27/1944,Desde Lejos,Tango,Enrique Campos,Víctor,78rpm,José Raúl Iglesias,Juan Bautista Gatti,,Campos 1943-46,Armando Posada,Enzo Raschelli,"Francisco Ferraro, Raúl Iglesias, Héctor Gondre, Juan Saettone, Emilio Aguirre ","Vicente Salerno, Armando Husso, Norberto Guzmán, Alberto Taido"
Ricardo Tanturi,4/27/1944,Jirón De Suburbio,Tango,Enrique Campos,Víctor,78rpm,Víctor Braña,Enrique Miguel Gaudino,,Campos 1943-46,Armando Posada,Enzo Raschelli,"Francisco Ferraro, Raúl Iglesias, Héctor Gondre, Juan Saettone, Emilio Aguirre ","Vicente Salerno, Armando Husso, Norberto Guzmán, Alberto Taido"
Ricardo Tanturi,5/18/1944,Calla Bandoneón,Tango,Enrique Campos,Víctor,78rpm,Carlos Ángel Lázzari,Oscar Rubens,,Campos 1943-46,Armando Posada,Enzo Raschelli,"Francisco Ferraro, Raúl Iglesias, Héctor Gondre, Juan Saettone, Emilio Aguirre ","Vicente Salerno, Armando Husso, Norberto Guzmán, Alberto Taido"
Ricardo Tanturi,5/18/1944,Añoranzas,Vals,Enrique Campos,Víctor,78rpm,José María Aguilar,José María Aguilar,,Campos 1943-46,Armando Posada,Enzo Raschelli,"Francisco Ferraro, Raúl Iglesias, Héctor Gondre, Juan Saettone, Emilio Aguirre ","Vicente Salerno, Armando Husso, Norberto Guzmán, Alberto Taido"
Ricardo Tanturi,7/27/1944,Si Se Salva El Pibe,Tango,Enrique Campos,Víctor,78rpm,Francisco Pracánico,Celedonio Esteban Flores,,Campos 1943-46,Armando Posada,Enzo Raschelli,"Francisco Ferraro, Raúl Iglesias, Héctor Gondre, Juan Saettone, Emilio Aguirre ","Vicente Salerno, Armando Husso, Norberto Guzmán, Alberto Taido"
Ricardo Tanturi,7/27/1944,Sombrerito,Tango,Enrique Campos,Víctor,78rpm,Norberto Guzmán,Roberto Lambertucci,,Campos 1943-46,Armando Posada,Enzo Raschelli,"Francisco Ferraro, Raúl Iglesias, Héctor Gondre, Juan Saettone, Emilio Aguirre ","Vicente Salerno, Armando Husso, Norberto Guzmán, Alberto Taido"
Ricardo Tanturi,8/28/1944,Domingo A La Noche,Tango,Enrique Campos,Víctor,78rpm,Juan José Guichandut,Oscar Rubens,,Campos 1943-46,Armando Posada,Enzo Raschelli,"Francisco Ferraro, Raúl Iglesias, Héctor Gondre, Juan Saettone, Emilio Aguirre ","Vicente Salerno, Armando Husso, Norberto Guzmán, Alberto Taido"
Ricardo Tanturi,8/28/1944,Desde El Alma,Vals,Instrumental,Víctor,78rpm,Rosita Melo,Víctor Piuma Vélez; Homero Manzi,,Campos 1943-46,Armando Posada,Enzo Raschelli,"Francisco Ferraro, Raúl Iglesias, Héctor Gondre, Juan Saettone, Emilio Aguirre ","Vicente Salerno, Armando Husso, Norberto Guzmán, Alberto Taido"
Ricardo Tanturi,9/29/1944,Encuentro,Tango,Enrique Campos,Víctor,78rpm,Miguel Eusebio Bucino,Miguel Eusebio Bucino,,Campos 1943-46,Armando Posada,Enzo Raschelli,"Francisco Ferraro, Raúl Iglesias, Héctor Gondre, Juan Saettone, Emilio Aguirre ","Vicente Salerno, Armando Husso, Norberto Guzmán, Alberto Taido"
Ricardo Tanturi,9/29/1944,El Corazón Me Decía,Tango,Enrique Campos,Víctor,78rpm,Vicente Salerno,Roberto Lambertucci,,Campos 1943-46,Armando Posada,Enzo Raschelli,"Francisco Ferraro, Raúl Iglesias, Héctor Gondre, Juan Saettone, Emilio Aguirre ","Vicente Salerno, Armando Husso, Norberto Guzmán, Alberto Taido"
Ricardo Tanturi,11/14/1944,En El Salón,Tango,Enrique Campos,Víctor,78rpm,Cristóbal Herreros,Leopoldo Díaz Vélez,,Campos 1943-46,Armando Posada,Enzo Raschelli,"Francisco Ferraro, Raúl Iglesias, Héctor Gondre, Juan Saettone, Emilio Aguirre ","Vicente Salerno, Armando Husso, Norberto Guzmán, Alberto Taido"
Ricardo Tanturi,11/14/1944,Prisionero,Tango,Enrique Campos,Víctor,78rpm,Anselmo Alfredo Aieta,Francisco García Jiménez,,Campos 1943-46,Armando Posada,Enzo Raschelli,"Francisco Ferraro, Raúl Iglesias, Héctor Gondre, Juan Saettone, Emilio Aguirre ","Vicente Salerno, Armando Husso, Norberto Guzmán, Alberto Taido"
Ricardo Tanturi,12/13/1944,Raza Criolla,Tango,Instrumental,Víctor,78rpm,Salvador Grupillo,,,Campos 1943-46,Armando Posada,Enzo Raschelli,"Francisco Ferraro, Raúl Iglesias, Héctor Gondre, Juan Saettone, Emilio Aguirre ","Vicente Salerno, Armando Husso, Norberto Guzmán, Alberto Taido"
Ricardo Tanturi,12/13/1944,Igual Que Un Bandoneón,Tango,Enrique Campos,Víctor,78rpm,José Raúl Iglesias,Juan Bautista Gatti,,Campos 1943-46,Armando Posada,Enzo Raschelli,"Francisco Ferraro, Raúl Iglesias, Héctor Gondre, Juan Saettone, Emilio Aguirre ","Vicente Salerno, Armando Husso, Norberto Guzmán, Alberto Taido"
Ricardo Tanturi,1/22/1945,Esta Noche Al Pasar,Tango,Enrique Campos,Víctor,78rpm,Héctor Grané,Ricardo Thompson,,Campos 1943-46,Armando Posada,Enzo Raschelli,"Francisco Ferraro, Raúl Iglesias, Héctor Gondre, Juan Saettone, Emilio Aguirre ","Vicente Salerno, Armando Husso, Norberto Guzmán, Alberto Taido"
Ricardo Tanturi,1/22/1945,De Seis A Siete,Tango,Enrique Campos,Víctor,78rpm,José Canet,José Canet,,Campos 1943-46,Armando Posada,Enzo Raschelli,"Francisco Ferraro, Raúl Iglesias, Héctor Gondre, Juan Saettone, Emilio Aguirre ","Vicente Salerno, Armando Husso, Norberto Guzmán, Alberto Taido"
Ricardo Tanturi,2/19/1945,Me Besó Y Se Fue,Vals,Enrique Campos,Víctor,78rpm,José Canet,José Canet,,Campos 1943-46,Armando Posada,Enzo Raschelli,"Francisco Ferraro, Raúl Iglesias, Héctor Gondre, Juan Saettone, Emilio Aguirre ","Vicente Salerno, Armando Husso, Norberto Guzmán, Alberto Taido"
Ricardo Tanturi,2/19/1945,Que Será De Ti,Tango,Enrique Campos,Víctor,78rpm,Roberto Nievas Blanco,Julio Jorge Nelson,,Campos 1943-46,Armando Posada,Enzo Raschelli,"Francisco Ferraro, Raúl Iglesias, Héctor Gondre, Juan Saettone, Emilio Aguirre ","Vicente Salerno, Armando Husso, Norberto Guzmán, Alberto Taido"
Ricardo Tanturi,4/12/1945,Igual Que Una Sombra,Tango,Enrique Campos,Víctor,78rpm,Osvaldo Pugliese,Enrique Cadícamo,,Campos 1943-46,Armando Posada,Enzo Raschelli,"Francisco Ferraro, Raúl Iglesias, Héctor Gondre, Juan Saettone, Emilio Aguirre ","Vicente Salerno, Armando Husso, Norberto Guzmán, Alberto Taido"
Ricardo Tanturi,4/12/1945,La Uruguayita Lucía,Tango,Enrique Campos,Víctor,78rpm,Eduardo Pereyra,Daniel López Barreto,,Campos 1943-46,Armando Posada,Enzo Raschelli,"Francisco Ferraro, Raúl Iglesias, Héctor Gondre, Juan Saettone, Emilio Aguirre ","Vicente Salerno, Armando Husso, Norberto Guzmán, Alberto Taido"
Ricardo Tanturi,5/3/1945,Discos De Gardel,Tango,Enrique Campos,Víctor,78rpm,Eduardo Del Piano,Horacio Sanguinetti,,Campos 1943-46,Armando Posada,Enzo Raschelli,"Francisco Ferraro, Raúl Iglesias, Héctor Gondre, Juan Saettone, Emilio Aguirre ","Vicente Salerno, Armando Husso, Norberto Guzmán, Alberto Taido"
Ricardo Tanturi,5/3/1945,"Giuseppe, El Zapatero",Tango,Enrique Campos,Víctor,78rpm,Guillermo Del Ciancio,Guillermo Del Ciancio,,Campos 1943-46,Armando Posada,Enzo Raschelli,"Francisco Ferraro, Raúl Iglesias, Héctor Gondre, Juan Saettone, Emilio Aguirre ","Vicente Salerno, Armando Husso, Norberto Guzmán, Alberto Taido"
Ricardo Tanturi,6/14/1945,El Sueño Del Pibe,Tango,Enrique Campos,Víctor,78rpm,Juan Puey,Reinaldo Yiso,,Campos 1943-46,Armando Posada,Enzo Raschelli,"Francisco Ferraro, Raúl Iglesias, Héctor Gondre, Juan Saettone, Emilio Aguirre ","Vicente Salerno, Armando Husso, Norberto Guzmán, Alberto Taido"
Ricardo Tanturi,6/14/1945,Anselmo Laguna,Tango,Enrique Campos,Víctor,78rpm,Vicente Salerno,Marvil (Elizardo Martínez Vilas),,Campos 1943-46,Armando Posada,Enzo Raschelli,"Francisco Ferraro, Raúl Iglesias, Héctor Gondre, Juan Saettone, Emilio Aguirre ","Vicente Salerno, Armando Husso, Norberto Guzmán, Alberto Taido"
Ricardo Tanturi,7/13/1945,Cantor De Barrio,Tango,Enrique Campos,Víctor,78rpm,Yammuli (Felipe Mitre Navas),Navas Carlos Cacciari,,Campos 1943-46,Armando Posada,Enzo Raschelli,"Francisco Ferraro, Raúl Iglesias, Héctor Gondre, Juan Saettone, Emilio Aguirre ","Vicente Salerno, Armando Husso, Norberto Guzmán, Alberto Taido"
Ricardo Tanturi,7/13/1945,Bien Criolla Y Bien Porteña,Milonga,Enrique Campos,Víctor,78rpm,Armando Pontier,Homero Expósito,,Campos 1943-46,Armando Posada,Enzo Raschelli,"Francisco Ferraro, Raúl Iglesias, Héctor Gondre, Juan Saettone, Emilio Aguirre ","Vicente Salerno, Armando Husso, Norberto Guzmán, Alberto Taido"
Ricardo Tanturi,9/5/1945,Ivon,Tango,Enrique Campos,Víctor,78rpm,Luis Nicolas Visca,Horacio Sanguinetti,,Campos 1943-46,Armando Posada,Enzo Raschelli,"Francisco Ferraro, Raúl Iglesias, Héctor Gondre, Juan Saettone, Emilio Aguirre ","Vicente Salerno, Armando Husso, Norberto Guzmán, Alberto Taido"
Ricardo Tanturi,9/5/1945,Cuatro Recuerdos,Tango,Enrique Campos,Víctor,78rpm,José Raúl Iglesias,Juan Bautista Gatti,,Campos 1943-46,Armando Posada,Enzo Raschelli,"Francisco Ferraro, Raúl Iglesias, Héctor Gondre, Juan Saettone, Emilio Aguirre ","Vicente Salerno, Armando Husso, Norberto Guzmán, Alberto Taido"
Ricardo Tanturi,10/23/1945,Cuatro Lágrimas,Tango,Enrique Campos,Víctor,78rpm,Lito Bayardo,Lito Bayardo,,Campos 1943-46,Armando Posada,Enzo Raschelli,"Francisco Ferraro, Raúl Iglesias, Héctor Gondre, Juan Saettone, Emilio Aguirre ","Vicente Salerno, Armando Husso, Norberto Guzmán, Alberto Taido"
Ricardo Tanturi,10/23/1945,Tu Vieja Ventana,Vals,Campos/Videla,Víctor,78rpm,Guillermo Barbieri,Ambrosio Río,,Campos 1943-46,Armando Posada,Enzo Raschelli,"Francisco Ferraro, Raúl Iglesias, Héctor Gondre, Juan Saettone, Emilio Aguirre ","Vicente Salerno, Armando Husso, Norberto Guzmán, Alberto Taido"
Ricardo Tanturi,11/9/1945,Calor De Hogar,Tango,Enrique Campos,Víctor,78rpm,Eugenio Carrere,Jesús Fernández Blanco,,Campos 1943-46,Armando Posada,Enzo Raschelli,"Francisco Ferraro, Raúl Iglesias, Héctor Gondre, Juan Saettone, Emilio Aguirre ","Vicente Salerno, Armando Husso, Norberto Guzmán, Alberto Taido"
Ricardo Tanturi,11/9/1945,Tu Llamado,Tango,Roberto Videla,Víctor,78rpm,Enrique Cadícamo,Enrique Cadícamo,,Videla + Others 1945-50,Armando Posada,Enzo Raschelli,"Francisco Ferraro, Raúl Iglesias, Héctor Gondre, Juan Saettone, Emilio Aguirre ","Vicente Salerno, Armando Husso, Norberto Guzmán, Alberto Taido"
Ricardo Tanturi,12/5/1945,Corazoncito,Tango,Roberto Videla,Víctor,78rpm,Rafael Rossi; José Rial,José Rial ,,Videla + Others 1945-50,Armando Posada,Enzo Raschelli,"Francisco Ferraro, Raúl Iglesias, Héctor Gondre, Juan Saettone, Emilio Aguirre ","Vicente Salerno, Armando Husso, Norberto Guzmán, Alberto Taido"
Ricardo Tanturi,12/5/1945,Este Es Tu Tango,Tango,Roberto Videla,Víctor,78rpm,Enrique Mora,Reinaldo Yiso,,Videla + Others 1945-50,Armando Posada,Enzo Raschelli,"Francisco Ferraro, Raúl Iglesias, Héctor Gondre, Juan Saettone, Emilio Aguirre ","Vicente Salerno, Armando Husso, Norberto Guzmán, Alberto Taido"
Ricardo Tanturi,1/3/1946,Seis Días,Tango,Enrique Campos,Víctor,78rpm,Manuel Sucher,Carlos Bahr,,Campos 1943-46,Armando Posada,Enzo Raschelli,"Francisco Ferraro, Raúl Iglesias, Héctor Gondre, Juan Saettone, Emilio Aguirre ","Vicente Salerno, Armando Husso, Norberto Guzmán, Alberto Taido"
Ricardo Tanturi,1/3/1946,Soy Muchacho Del Arrabal,Tango,Enrique Campos,Víctor,78rpm,Enrique Campos,Roberto Lambertucci,,Campos 1943-46,Armando Posada,Enzo Raschelli,"Francisco Ferraro, Raúl Iglesias, Héctor Gondre, Juan Saettone, Emilio Aguirre ","Vicente Salerno, Armando Husso, Norberto Guzmán, Alberto Taido"
Ricardo Tanturi,1/30/1946,Barrio Viejo,Tango,Campos/Videla,Víctor,78rpm,Guillermo Barbieri,Eugenio Cárdenas,,Videla + Others 1945-50,Armando Posada,Enzo Raschelli,"Francisco Ferraro, Raúl Iglesias, Héctor Gondre, Juan Saettone, Emilio Aguirre ","Vicente Salerno, Armando Husso, Norberto Guzmán, Alberto Taido"
Ricardo Tanturi,1/30/1946,Llevame Carretero,Tango,Roberto Videla,Víctor,78rpm,Manuel Parada,José Cicarelli,,Videla + Others 1945-50,Armando Posada,Enzo Raschelli,"Francisco Ferraro, Raúl Iglesias, Héctor Gondre, Juan Saettone, Emilio Aguirre ","Vicente Salerno, Armando Husso, Norberto Guzmán, Alberto Taido"
Ricardo Tanturi,3/13/1946,Así Era Ella Muchachos,Tango,Roberto Videla,Víctor,78rpm,José Eduardo Cabodevila,Ángel Di Rosa,,Videla + Others 1945-50,Armando Posada,Enzo Raschelli,"Francisco Ferraro, Raúl Iglesias, Héctor Gondre, Juan Saettone, Emilio Aguirre ","Vicente Salerno, Armando Husso, Norberto Guzmán, Alberto Taido"
Ricardo Tanturi,3/13/1946,Esta Noche Hay Una Fiesta,Tango,Enrique Campos,Víctor,78rpm,Vicente Salerno,Elizardo Martínez Vilas,,Videla + Others 1945-50,Armando Posada,Enzo Raschelli,"Francisco Ferraro, Raúl Iglesias, Héctor Gondre, Juan Saettone, Emilio Aguirre ","Vicente Salerno, Armando Husso, Norberto Guzmán, Alberto Taido"
Ricardo Tanturi,4/3/1946,Como Aquella Muñeca,Tango,Roberto Videla,Víctor,78rpm,Juan Puey,Reinaldo Yiso ,,Videla + Others 1945-50,Armando Posada,Enzo Raschelli,"Francisco Ferraro, Raúl Iglesias, Héctor Gondre, Juan Saettone, Emilio Aguirre ","Vicente Salerno, Armando Husso, Norberto Guzmán, Alberto Taido"
Ricardo Tanturi,4/23/1946,Tiene Razón Amigazo,Tango,Roberto Videla,Víctor,78rpm,Alfredo Calabró,Enrique Dizeo,,Videla + Others 1945-50,Armando Posada,Enzo Raschelli,"Francisco Ferraro, Raúl Iglesias, Héctor Gondre, Juan Saettone, Emilio Aguirre ","Vicente Salerno, Armando Husso, Norberto Guzmán, Alberto Taido"
Ricardo Tanturi,5/16/1946,Viejo Ciego,Tango,Roberto Videla,Víctor,78rpm,Cátulo Castillo; Sebastián Piana,Homero Manzi,,Videla + Others 1945-50,Armando Posada,Enzo Raschelli,"Francisco Ferraro, Raúl Iglesias, Héctor Gondre, Juan Saettone, Emilio Aguirre ","Vicente Salerno, Armando Husso, Norberto Guzmán, Alberto Taido"
Ricardo Tanturi,5/16/1946,Espera De Esquina,Tango,Roberto Videla,Víctor,78rpm,Emilio Aguirre Querejeta,Carlos Cacciari,,Videla + Others 1945-50,Armando Posada,Enzo Raschelli,"Francisco Ferraro, Raúl Iglesias, Héctor Gondre, Juan Saettone, Emilio Aguirre ","Vicente Salerno, Armando Husso, Norberto Guzmán, Alberto Taido"
Ricardo Tanturi,7/5/1946,Alma En Pena,Tango,Roberto Videla,Víctor,78rpm,Anselmo Alfredo Aieta,Francisco García Jiménez,,Videla + Others 1945-50,Armando Posada,Enzo Raschelli,"Francisco Ferraro, Raúl Iglesias, Héctor Gondre, Juan Saettone, Emilio Aguirre ","Vicente Salerno, Armando Husso, Norberto Guzmán, Alberto Taido"
Ricardo Tanturi,7/5/1946,Vivian...De París,Tango,Roberto Videla,Víctor,78rpm,Carlos Viván,Horacio Sanguinetti,,Videla + Others 1945-50,Armando Posada,Enzo Raschelli,"Francisco Ferraro, Raúl Iglesias, Héctor Gondre, Juan Saettone, Emilio Aguirre ","Vicente Salerno, Armando Husso, Norberto Guzmán, Alberto Taido"
Ricardo Tanturi,7/23/1946,La Mesa De Un Café,Tango,Roberto Videla,Víctor,78rpm,Raúl Kaplún,José Maria Suñe,,Videla + Others 1945-50,Armando Posada,Enzo Raschelli,"Francisco Ferraro, Raúl Iglesias, Héctor Gondre, Juan Saettone, Emilio Aguirre ","Vicente Salerno, Armando Husso, Norberto Guzmán, Alberto Taido"
Ricardo Tanturi,7/23/1946,No Me Escribas,Tango,Roberto Videla,Víctor,78rpm,Agustín Bardi,Juan Andrés Caruso,,Videla + Others 1945-50,Armando Posada,Enzo Raschelli,"Francisco Ferraro, Raúl Iglesias, Héctor Gondre, Juan Saettone, Emilio Aguirre ","Vicente Salerno, Armando Husso, Norberto Guzmán, Alberto Taido"
Ricardo Tanturi,8/16/1946,Amor De Estudiante,Vals,Videla/Ribó,Víctor,78rpm,Carlos Gardel,Alfredo Le Pera; Mario Battistella,,Videla + Others 1945-50,Armando Posada,Enzo Raschelli,"Francisco Ferraro, Raúl Iglesias, Héctor Gondre, Juan Saettone, Emilio Aguirre ","Vicente Salerno, Armando Husso, Norberto Guzmán, Alberto Taido"
Ricardo Tanturi,8/27/1946,Una Lágrima,Tango,Osvaldo Ribó,Víctor,78rpm,Nicolás Verona,Eugenio Cárdenas,,Videla + Others 1945-50,Armando Posada,Enzo Raschelli,"Francisco Ferraro, Raúl Iglesias, Héctor Gondre, Juan Saettone, Emilio Aguirre ","Vicente Salerno, Armando Husso, Norberto Guzmán, Alberto Taido"
Ricardo Tanturi,8/27/1946,Sombras,Tango,Osvaldo Ribó,Víctor,78rpm,Francisco Pracánico,Verminio Servetto,,Videla + Others 1945-50,Armando Posada,Enzo Raschelli,"Francisco Ferraro, Raúl Iglesias, Héctor Gondre, Juan Saettone, Emilio Aguirre ","Vicente Salerno, Armando Husso, Norberto Guzmán, Alberto Taido"
Ricardo Tanturi,9/5/1946,Noches De Tango,Tango,Roberto Videla,Víctor,78rpm,Nicolás Vaccaro,Horacio Sanguinetti,,Videla + Others 1945-50,Armando Posada,Enzo Raschelli,"Francisco Ferraro, Raúl Iglesias, Héctor Gondre, Juan Saettone, Emilio Aguirre ","Vicente Salerno, Armando Husso, Norberto Guzmán, Alberto Taido"
Ricardo Tanturi,11/15/1946,En La Copa De La Vida,Tango,Roberto Videla,Víctor,78rpm,Roberto Videla,Reinaldo Yiso,,Videla + Others 1945-50,Armando Posada,Enzo Raschelli,"Francisco Ferraro, Raúl Iglesias, Héctor Gondre, Juan Saettone, Emilio Aguirre ","Vicente Salerno, Armando Husso, Norberto Guzmán, Alberto Taido"
Ricardo Tanturi,11/15/1946,De Todo Te Olvidas,Tango,Osvaldo Ribó,Víctor,78rpm,Salvador Merico,Enrique Domingo Cadícamo,,Videla + Others 1945-50,Armando Posada,Enzo Raschelli,"Francisco Ferraro, Raúl Iglesias, Héctor Gondre, Juan Saettone, Emilio Aguirre ","Vicente Salerno, Armando Husso, Norberto Guzmán, Alberto Taido"
Ricardo Tanturi,11/29/1946,Tus Besos Fueron Míos,Tango,Roberto Videla,Víctor,78rpm,Anselmo Alfredo Aieta,Francisco García Jiménez,,Videla + Others 1945-50,Armando Posada,Enzo Raschelli,"Francisco Ferraro, Raúl Iglesias, Héctor Gondre, Juan Saettone, Emilio Aguirre ","Vicente Salerno, Armando Husso, Norberto Guzmán, Alberto Taido"
Ricardo Tanturi,11/29/1946,Ana Lucía,Tango,Osvaldo Ribó,Víctor,78rpm,José Raúl Iglesias,Juan Bautista Gatti,,Videla + Others 1945-50,Armando Posada,Enzo Raschelli,"Francisco Ferraro, Raúl Iglesias, Héctor Gondre, Juan Saettone, Emilio Aguirre ","Vicente Salerno, Armando Husso, Norberto Guzmán, Alberto Taido"
Ricardo Tanturi,12/19/1946,Tu Olvido,Tango,Videla/Ribó,Víctor,78rpm,Vicente Spina,Vicente Spina,,Videla + Others 1945-50,Armando Posada,Enzo Raschelli,"Francisco Ferraro, Raúl Iglesias, Héctor Gondre, Juan Saettone, Emilio Aguirre ","Vicente Salerno, Armando Husso, Norberto Guzmán, Alberto Taido"
Ricardo Tanturi,12/19/1946,Yo Se Lo Que Te Digo,Tango,Roberto Videla,Víctor,78rpm,Vicente Salerno,Juan Bautista Gatti,,Videla + Others 1945-50,Armando Posada,Enzo Raschelli,"Francisco Ferraro, Raúl Iglesias, Héctor Gondre, Juan Saettone, Emilio Aguirre ","Vicente Salerno, Armando Husso, Norberto Guzmán, Alberto Taido"
Ricardo Tanturi,3/28/1947,Me Da Pena Confesarlo,Tango,Roberto Videla,Víctor,78rpm,Carlos Gardel,Alfredo Le Pera; Mario Battistella,,Videla + Others 1945-50,Armando Posada,Enzo Raschelli,"Francisco Ferraro, Raúl Iglesias, Héctor Gondre, Juan Saettone, Emilio Aguirre ","Vicente Salerno, Armando Husso, Norberto Guzmán, Alberto Taido"
Ricardo Tanturi,3/28/1947,Mariposita,Tango,Instrumental,Víctor,78rpm,Anselmo Alfredo Aieta,Francisco García Jiménez,,Videla + Others 1945-50,Armando Posada,Enzo Raschelli,"Francisco Ferraro, Raúl Iglesias, Héctor Gondre, Juan Saettone, Emilio Aguirre ","Vicente Salerno, Armando Husso, Norberto Guzmán, Alberto Taido"
Ricardo Tanturi,4/2/1947,Amiga,Tango,Roberto Videla,Víctor,78rpm,Carlos Viván,Horacio Sanguinetti,,Videla + Others 1945-50,Armando Posada,Enzo Raschelli,"Francisco Ferraro, Raúl Iglesias, Héctor Gondre, Juan Saettone, Emilio Aguirre ","Vicente Salerno, Armando Husso, Norberto Guzmán, Alberto Taido"
Ricardo Tanturi,4/2/1947,Alma De Bohemio,Tango,Osvaldo Ribó,Víctor,78rpm,Roberto Firpo,Juan Andrés Caruso,,Videla + Others 1945-50,Armando Posada,Enzo Raschelli,"Francisco Ferraro, Raúl Iglesias, Héctor Gondre, Juan Saettone, Emilio Aguirre ","Vicente Salerno, Armando Husso, Norberto Guzmán, Alberto Taido"
Ricardo Tanturi,5/9/1947,Callejero,Tango,Roberto Videla,Víctor,78rpm,Arturo Gallucci,Francisco Bohigas,,Videla + Others 1945-50,Armando Posada,Enzo Raschelli,"Francisco Ferraro, Raúl Iglesias, Héctor Gondre, Juan Saettone, Emilio Aguirre ","Vicente Salerno, Armando Husso, Norberto Guzmán, Alberto Taido"
Ricardo Tanturi,5/9/1947,Remembranza,Tango,Osvaldo Ribó,Víctor,78rpm,Mario Melfi,Mario Battistella,,Videla + Others 1945-50,Armando Posada,Enzo Raschelli,"Francisco Ferraro, Raúl Iglesias, Héctor Gondre, Juan Saettone, Emilio Aguirre ","Vicente Salerno, Armando Husso, Norberto Guzmán, Alberto Taido"
Ricardo Tanturi,5/9/1947,San José De Flores,Tango,Roberto Videla,Víctor,78rpm,Armando Acquarone,Enrique Miguel Gaudino,,Videla + Others 1945-50,Armando Posada,Enzo Raschelli,"Francisco Ferraro, Raúl Iglesias, Héctor Gondre, Juan Saettone, Emilio Aguirre ","Vicente Salerno, Armando Husso, Norberto Guzmán, Alberto Taido"
Ricardo Tanturi,5/9/1947,Vagabundo,Tango,Osvaldo Ribó,Víctor,78rpm,Agustín Magaldi; Pedro Noda,Emilio Magaldi,,Videla + Others 1945-50,Armando Posada,Enzo Raschelli,"Francisco Ferraro, Raúl Iglesias, Héctor Gondre, Juan Saettone, Emilio Aguirre ","Vicente Salerno, Armando Husso, Norberto Guzmán, Alberto Taido"
Ricardo Tanturi,10/31/1947,Aquel Muchacho Triste,Tango,Roberto Videla,Víctor,78rpm,José Pedro de Grandis,José Pedro de Grandis,,Videla + Others 1945-50,Armando Posada,Enzo Raschelli,"Francisco Ferraro, Raúl Iglesias, Héctor Gondre, Juan Saettone, Emilio Aguirre ","Vicente Salerno, Armando Husso, Norberto Guzmán, Alberto Taido"
Ricardo Tanturi,10/31/1947,Quejas Del Alma,Vals,Osvaldo Ribó,Víctor,78rpm,Domingo Julio Vivas,Juan Florencio Mazaroni,,Videla + Others 1945-50,Armando Posada,Enzo Raschelli,"Francisco Ferraro, Raúl Iglesias, Héctor Gondre, Juan Saettone, Emilio Aguirre ","Vicente Salerno, Armando Husso, Norberto Guzmán, Alberto Taido"
Ricardo Tanturi,1/26/1948,Bolero,Tango,Roberto Videla,Víctor,78rpm,Santos Lipesker,Reinaldo Yiso (Reinaldo Ghiso,,Videla + Others 1945-50,Armando Posada,Enzo Raschelli,"Francisco Ferraro, Raúl Iglesias, Héctor Gondre, Juan Saettone, Emilio Aguirre ","Vicente Salerno, Armando Husso, Norberto Guzmán, Alberto Taido"
Ricardo Tanturi,1/26/1948,Papel Picado,Tango,Osvaldo Ribó,Víctor,78rpm,Cátulo Castillo,José González Castillo,,Videla + Others 1945-50,Armando Posada,Enzo Raschelli,"Francisco Ferraro, Raúl Iglesias, Héctor Gondre, Juan Saettone, Emilio Aguirre ","Vicente Salerno, Armando Husso, Norberto Guzmán, Alberto Taido"
Ricardo Tanturi,6/25/1948,Dos Que Se Aman,Vals,Videla/Ribó,Víctor,78rpm,Antonio Tormo,Manuel María Flores,,Videla + Others 1945-50,Armando Posada,Enzo Raschelli,"Francisco Ferraro, Raúl Iglesias, Héctor Gondre, Juan Saettone, Emilio Aguirre ","Vicente Salerno, Armando Husso, Norberto Guzmán, Alberto Taido"
Ricardo Tanturi,6/25/1948,Campeonato,Tango,Roberto Videla,Víctor,78rpm,Ricardo Tanturi,Reinaldo Yiso,,Videla + Others 1945-50,Armando Posada,Enzo Raschelli,"Francisco Ferraro, Raúl Iglesias, Héctor Gondre, Juan Saettone, Emilio Aguirre ","Vicente Salerno, Armando Husso, Norberto Guzmán, Alberto Taido"
Ricardo Tanturi,8/16/1950,Milonguita,Tango,Horacio Roca,Víctor,Micro,Enrique Pedro Delfino,Samuel Linning,,Videla + Others 1945-50,Armando Posada,Enzo Raschelli,"Francisco Ferraro, Raúl Iglesias, Héctor Gondre, Juan Saettone, Emilio Aguirre ","Vicente Salerno, Armando Husso, Norberto Guzmán, Alberto Taido"
Ricardo Tanturi,8/16/1950,Cuando Llora La Milonga,Tango,Osvaldo Ribó,Víctor,Micro,Juan de Dios Filiberto,Luis Mario ,,Videla + Others 1945-50,Armando Posada,Natalio Berardi,"Héctor Gondre, Raúl Iglesias, Juan Saettone, Horacio Perri, Horacio Perri","Vicente Salerno, Alberto Taido, Milo Dojman, Milo Dojman, "
Ricardo Tanturi,10/22/1956,Decís Que No Te Quiero,Tango,Juan Carlos Godoy,Víctor,Tape,Ricardo Tanturi,Reinaldo Yiso,,Orchestra Returns 1956-59,Armando Posada,Natalio Berardi,"Héctor Gondre, Raúl Iglesias, Juan Saettone, Horacio Perri, Horacio Perri","Vicente Salerno, Alberto Taido, Milo Dojman, Milo Dojman, "
Ricardo Tanturi,10/22/1956,Besos Brujos,Tango,Elsa Rivas,Víctor,Tape,Alfredo Malerba,Rodolfo Sciammarella,,Orchestra Returns 1956-59,Armando Posada,Natalio Berardi,"Héctor Gondre, Raúl Iglesias, Juan Saettone, Horacio Perri, Horacio Perri","Vicente Salerno, Alberto Taido, Milo Dojman, Milo Dojman, "
Ricardo Tanturi,2/15/1957,Cachá Viaje,Tango,Horacio Roca,Víctor,Tape,Jaime Vila,Ernesto Cardenal,,Orchestra Returns 1956-59,Armando Posada,Natalio Berardi,"Héctor Gondre, Raúl Iglesias, Juan Saettone, Horacio Perri, Horacio Perri","Vicente Salerno, Alberto Taido, Milo Dojman, Milo Dojman, "
Ricardo Tanturi,2/15/1957,Muriéndome De Amor,Tango,Elsa Rivas,Víctor,Tape,Manuel Sucher (Bernardo Manuel Sucher),Carlos Bahr,,Orchestra Returns 1956-59,Armando Posada,Natalio Berardi,"Héctor Gondre, Raúl Iglesias, Juan Saettone, Horacio Perri, Horacio Perri","Vicente Salerno, Alberto Taido, Milo Dojman, Milo Dojman, "
Ricardo Tanturi,4/2/1957,Provincianita Linda,Vals,Rivas/Godoy/Roca,Víctor,Tape,Ricardo Tanturi,Reinaldo Yiso,,Orchestra Returns 1956-59,Armando Posada,Natalio Berardi,"Héctor Gondre, Raúl Iglesias, Juan Saettone, Horacio Perri, Horacio Perri","Vicente Salerno, Alberto Taido, Milo Dojman, Milo Dojman, "
Ricardo Tanturi,4/2/1957,Fondín De Pedro Mendoza,Tango,Juan Carlos Godoy,Víctor,Tape,Raúl Joaquín de los Hoyos,Ivo Pelay; Luis César Amadori,,Orchestra Returns 1956-59,Armando Posada,Natalio Berardi,"Héctor Gondre, Raúl Iglesias, Juan Saettone, Horacio Perri, Horacio Perri","Vicente Salerno, Alberto Taido, Milo Dojman, Milo Dojman, "
Ricardo Tanturi,7/10/1957,No La Nombres Corazón,Tango,Juan Carlos Godoy,Víctor,Tape,Vicente Salerno,Juan Bautista Gatti,,Orchestra Returns 1956-59,Armando Posada,Natalio Berardi,"Héctor Gondre, Raúl Iglesias, Juan Saettone, Horacio Perri, Horacio Perri","Vicente Salerno, Alberto Taido, Milo Dojman, Milo Dojman, "
Ricardo Tanturi,7/10/1957,Pa' Que Sientas Lo Que Siento,Tango,Elsa Rivas,Víctor,Tape,Marcelo Salazar Bonilla,Marcelo Salazar Bonilla,,Orchestra Returns 1956-59,Armando Posada,Natalio Berardi,"Héctor Gondre, Raúl Iglesias, Juan Saettone, Horacio Perri, Horacio Perri","Vicente Salerno, Alberto Taido, Milo Dojman, Milo Dojman, "
Ricardo Tanturi,9/17/1957,Todo Por Un Amor,Tango,Elsa Rivas,Víctor,Tape,George Andreani (José Kumok),Julio Porter (Julio Porter Lifehitz),,Orchestra Returns 1956-59,Armando Posada,Natalio Berardi,"Héctor Gondre, Raúl Iglesias, Juan Saettone, Horacio Perri, Horacio Perri","Vicente Salerno, Alberto Taido, Milo Dojman, Milo Dojman, "
Ricardo Tanturi,9/17/1957,Perdoname Señor,Tango,Horacio Roca,Víctor,Tape,Francisco Pracánico,Verminio Servetto,,Orchestra Returns 1956-59,Armando Posada,Natalio Berardi,"Héctor Gondre, Raúl Iglesias, Juan Saettone, Horacio Perri, Horacio Perri","Vicente Salerno, Alberto Taido, Milo Dojman, Milo Dojman, "
Ricardo Tanturi,9/30/1957,Salimos A Bailar,Tango,Juan Carlos Godoy,Víctor,Tape,Juan Pomati,Leopoldo Díaz Vélez,,Orchestra Returns 1956-59,Armando Posada,Natalio Berardi,"Héctor Gondre, Raúl Iglesias, Juan Saettone, Horacio Perri, Horacio Perri","Vicente Salerno, Alberto Taido, Milo Dojman, Milo Dojman, "
Ricardo Tanturi,9/30/1957,Que Dios Me Castigue,Tango,Elsa Rivas,Víctor,Tape,Marcelo Salazar Bonilla,Marcelo Salazar Bonilla,,Orchestra Returns 1956-59,Armando Posada,Natalio Berardi,"Héctor Gondre, Raúl Iglesias, Juan Saettone, Horacio Perri, Horacio Perri","Vicente Salerno, Alberto Taido, Milo Dojman, Milo Dojman, "
Ricardo Tanturi,4/29/1958,Patadura,Tango,Horacio Roca,Víctor,Tape,José López Ares,Enrique Carrera Sotelo,,Orchestra Returns 1956-59,Armando Posada,Natalio Berardi,"Héctor Gondre, Raúl Iglesias, Juan Saettone, Horacio Perri, Horacio Perri","Vicente Salerno, Alberto Taido, Milo Dojman, Milo Dojman, "
Ricardo Tanturi,4/29/1958,Dónde Estará Mi Vida,Tango,Osvaldo Ribó,Víctor,Tape,Antonio López Quiroga Segovia,Francisco Caldera; Ignacio Román Jiménez,,Orchestra Returns 1956-59,Armando Posada,Natalio Berardi,"Héctor Gondre, Raúl Iglesias, Juan Saettone, Horacio Perri, Horacio Perri","Vicente Salerno, Alberto Taido, Milo Dojman, Milo Dojman, "
Ricardo Tanturi,7/23/1958,Se Casó El Pelado,Milonga,Roca/Guzmán,Víctor,Tape,Arturo Gallucci,Ernesto Cardenal,,Orchestra Returns 1956-59,Armando Posada,Natalio Berardi,"Héctor Gondre, Raúl Iglesias, Juan Saettone, Horacio Perri, Horacio Perri","Vicente Salerno, Alberto Taido, Milo Dojman, Milo Dojman, "
Ricardo Tanturi,7/23/1958,Madre De Los Cabellos De Plata,Tango,Alberto Guzmán,Víctor,Tape,Juan Solano Pedrero,Alejo León Montoro,,Orchestra Returns 1956-59,Armando Posada,Natalio Berardi,"Héctor Gondre, Raúl Iglesias, Juan Saettone, Horacio Perri, Horacio Perri","Vicente Salerno, Alberto Taido, Milo Dojman, Milo Dojman, "
Ricardo Tanturi,9/2/1958,Me Robó Su Cariño,Tango,Alberto Guzmán,Víctor,Tape,Oscar Rubens,Oscar Rubens,,Orchestra Returns 1956-59,Armando Posada,Natalio Berardi,"Héctor Gondre, Raúl Iglesias, Juan Saettone, Horacio Perri, Horacio Perri","Vicente Salerno, Alberto Taido, Milo Dojman, Milo Dojman, "
Ricardo Tanturi,9/2/1958,Un Tango Para La Historia,Tango,Horacio Roca,Víctor,Tape,Cristóbal Herreros,Cristóbal Herreros,,Orchestra Returns 1956-59,Armando Posada,Natalio Berardi,"Héctor Gondre, Raúl Iglesias, Juan Saettone, Horacio Perri, Horacio Perri","Vicente Salerno, Alberto Taido, Milo Dojman, Milo Dojman, "
Ricardo Tanturi,1/29/1959,Quereme Un Poquito,Tango,Alberto Guzmán,Víctor,Tape,Mario Luis Rafaelli,Pedro Fernández Sagardi,,Orchestra Returns 1956-59,Armando Posada,Natalio Berardi,"Héctor Gondre, Raúl Iglesias, Juan Saettone, Horacio Perri, Horacio Perri","Vicente Salerno, Alberto Taido, Milo Dojman, Milo Dojman, "
Ricardo Tanturi,1/29/1959,Puerto Nuevo,Tango,Horacio Roca,Víctor,Tape,Justo Julián Teófilo Lespés,Carlos Pesce,,Orchestra Returns 1956-59,Armando Posada,Natalio Berardi,"Héctor Gondre, Raúl Iglesias, Juan Saettone, Horacio Perri, Horacio Perri","Vicente Salerno, Alberto Taido, Milo Dojman, Milo Dojman, "
Ricardo Tanturi,1/29/1959,De Hermano A Hermano,Tango,Horacio Roca,Víctor,Tape,Arturo Gallucci,Arturo Gallucci,,Orchestra Returns 1956-59,Armando Posada,Natalio Berardi,"Héctor Gondre, Raúl Iglesias, Juan Saettone, Horacio Perri, Horacio Perri","Vicente Salerno, Alberto Taido, Milo Dojman, Milo Dojman, "
Ricardo Tanturi,1/29/1959,Otro Ángel Para El Cielo,Tango,Alberto Guzmán,Víctor,Tape,José Victorio Zanoni,Rubén Ramón Trousel,,Orchestra Returns 1956-59,Armando Posada,Natalio Berardi,"Héctor Gondre, Raúl Iglesias, Juan Saettone, Horacio Perri, Horacio Perri","Vicente Salerno, Alberto Taido, Milo Dojman, Milo Dojman, "
Ricardo Tanturi,5/27/1959,Historia De Mi Vida,Tango,Horacio Roca,Víctor,Tape,Mario Cavagnaro ,Mario Cavagnaro ,,Orchestra Returns 1956-59,Armando Posada,Natalio Berardi,"Héctor Gondre, Raúl Iglesias, Juan Saettone, Horacio Perri, Horacio Perri","Vicente Salerno, Alberto Taido, Milo Dojman, Milo Dojman, "
Ricardo Tanturi,5/27/1959,Amigos Presente,Tango,Instrumental,Víctor,Tape,Ricardo Tanturi,,,Orchestra Returns 1956-59,Armando Posada,Natalio Berardi,"Héctor Gondre, Raúl Iglesias, Juan Saettone, Horacio Perri, Horacio Perri","Vicente Salerno, Alberto Taido, Milo Dojman, Milo Dojman, "
Ricardo Tanturi,12/9/1959,El Pollito,Tango,Instrumental,Víctor,Tape,Francisco Canaro,,,Orchestra Returns 1956-59,Armando Posada,Natalio Berardi,"Héctor Gondre, Raúl Iglesias, Juan Saettone, Horacio Perri, Horacio Perri","Vicente Salerno, Alberto Taido, Milo Dojman, Milo Dojman, "
Ricardo Tanturi,12/9/1959,Que No Saque El Tres,Milonga,Roca/Guzmán,Víctor,Tape,Arturo Gallucci; Eduardo Antonio Pauloni,Arturo Gallucci; Leopoldo Díaz Vélez,,Orchestra Returns 1956-59,Armando Posada,Natalio Berardi,"Héctor Gondre, Raúl Iglesias, Juan Saettone, Horacio Perri, Horacio Perri","Vicente Salerno, Alberto Taido, Milo Dojman, Milo Dojman, "
Ricardo Tanturi,12/9/1959,Río Rebelde,Tango,Alberto Guzmán,Víctor,Tape,Héctor Ayala,"Félix A. ""Cholo"" Aguirre",,Orchestra Returns 1956-59,Armando Posada,Natalio Berardi,"Héctor Gondre, Raúl Iglesias, Juan Saettone, Horacio Perri, Horacio Perri","Vicente Salerno, Alberto Taido, Milo Dojman, Milo Dojman, "
Ricardo Tanturi,12/9/1959,Aladino,Vals,Roca/Guzmán,Víctor,Tape,E. Farias Cabanillas,Julio Camilloni,,Orchestra Returns 1956-59,Armando Posada,Natalio Berardi,"Héctor Gondre, Raúl Iglesias, Juan Saettone, Horacio Perri, Horacio Perri","Vicente Salerno, Alberto Taido, Milo Dojman, Milo Dojman, "
Ricardo Tanturi,1965-12,Un Amor,Tango,Instrumental,HR,Tape,George Andreani ,Julio Porter,,HR Label 1965-66,Armando Posada,Natalio Berardi,"Héctor Gondre, Raúl Iglesias, Juan Saettone, Horacio Perri, Horacio Perri","Vicente Salerno, Alberto Taido, Milo Dojman, Milo Dojman, "
Ricardo Tanturi,1965-12,Qué Noche,Tango,Instrumental,HR,Tape,Agustín Bardi,,,HR Label 1965-66,Armando Posada,Natalio Berardi,"Héctor Gondre, Raúl Iglesias, Juan Saettone, Horacio Perri, Horacio Perri","Vicente Salerno, Alberto Taido, Milo Dojman, Milo Dojman, "
Ricardo Tanturi,1965-12,Trasnochando,Tango,Instrumental,HR,Tape,Armando Baliotti,Santiago Luis D. Adamini,,HR Label 1965-66,Armando Posada,Natalio Berardi,"Héctor Gondre, Raúl Iglesias, Juan Saettone, Horacio Perri, Horacio Perri","Vicente Salerno, Alberto Taido, Milo Dojman, Milo Dojman, "
Ricardo Tanturi,1965-12,El Resero,Tango,Instrumental,HR,Tape,Raimundo Petillo,,,HR Label 1965-66,Armando Posada,Natalio Berardi,"Héctor Gondre, Raúl Iglesias, Juan Saettone, Horacio Perri, Horacio Perri","Vicente Salerno, Alberto Taido, Milo Dojman, Milo Dojman, "
Ricardo Tanturi,5/19/1966,Un Amor,Tango,Blanca Bassi,HR,Tape,Mario Maurano; Alfredo Antonio Malerba,Luis Rubistein,,HR Label 1965-66,Armando Posada,Natalio Berardi,"Héctor Gondre, Raúl Iglesias, Juan Saettone, Horacio Perri, Horacio Perri","Vicente Salerno, Alberto Taido, Milo Dojman, Milo Dojman, "
Ricardo Tanturi,5/19/1966,Trasnochando,Tango,Jorge Falcón,HR,Tape,Armando Baliotti,Santiago Luis D. Adamini,,HR Label 1965-66,Armando Posada,Natalio Berardi,"Héctor Gondre, Raúl Iglesias, Juan Saettone, Horacio Perri, Horacio Perri","Vicente Salerno, Alberto Taido, Milo Dojman, Milo Dojman, "
