Orchestra,Date,Title,Genre,Singer,Label,Medium,Composer, Author,Arranger / Orchestrator,Grouping,Pianist,Bassist,Bandoneons,Strings
Rodolfo Biagi ,8/22/1927,Cruz Diablo,Tango,Instrumental ,Victor,78rpm,Rodolfo Biagi,,,Solo Piano,Rodolfo Biagi,,,
Rodolfo Biagi ,8/22/1927,El Carretón,Estilo,Instrumental ,Victor,78rpm,José Servidio,,,Solo Piano,Rodolfo Biagi,,,
Rodolfo Biagi ,8/15/1938,Gólgota,Tango,Teófilo Ibáñez,Odeon,78rpm,Rodolfo Biagi,Francisco Gorrindo,,"Ibanez, Falgas, Ortiz, Lago 1938-43",Rodolfo Biagi,Donato Calabrese,"Alfredo Attadia, Miguel Bonano, Ricardo Pedevilla","Marcos Larrosa, Claudio Gonzalez, Oscar de la Fuente"
Rodolfo Biagi ,8/15/1938,El Incendio,Tango,Instrumental,Odeon,78rpm,Arturo De Bassi,,,"Ibanez, Falgas, Ortiz, Lago 1938-43",Rodolfo Biagi,Donato Calabrese,"Alfredo Attadia, Miguel Bonano, Ricardo Pedevilla","Marcos Larrosa, Claudio Gonzalez, Oscar de la Fuente"
Rodolfo Biagi ,10/17/1938,Unión Cívica,Tango,Instrumental,Odeon,78rpm,Domingo Santa Cruz,,,"Ibanez, Falgas, Ortiz, Lago 1938-43",Rodolfo Biagi,Donato Calabrese,"Alfredo Attadia, Miguel Bonano, Ricardo Pedevilla","Marcos Larrosa, Claudio Gonzalez, Oscar de la Fuente"
Rodolfo Biagi ,10/17/1938,Viejo Portón,Vals,Teófilo Ibáñez,Odeon,78rpm,Héctor Palacios,Máximo Orsi,,"Ibanez, Falgas, Ortiz, Lago 1938-43",Rodolfo Biagi,Donato Calabrese,"Alfredo Attadia, Miguel Bonano, Ricardo Pedevilla","Marcos Larrosa, Claudio Gonzalez, Oscar de la Fuente"
Rodolfo Biagi ,11/15/1938,El 13 ,Tango,Instrumental,Odeon,78rpm,Alberico Spátola,Ángel Villoldo,,"Ibanez, Falgas, Ortiz, Lago 1938-43",Rodolfo Biagi,Donato Calabrese,"Alfredo Attadia, Miguel Bonano, Ricardo Pedevilla","Marcos Larrosa, Claudio Gonzalez, Oscar de la Fuente"
Rodolfo Biagi ,11/15/1938,Loca De Amor,Vals,Teófilo Ibáñez,Odeon,78rpm,Enrique Caviglia,Ricardo Podestá,,"Ibanez, Falgas, Ortiz, Lago 1938-43",Rodolfo Biagi,Donato Calabrese,"Alfredo Attadia, Miguel Bonano, Ricardo Pedevilla","Marcos Larrosa, Claudio Gonzalez, Oscar de la Fuente"
Rodolfo Biagi ,12/2/1938,Una Pena,Tango,Teófilo Ibáñez,Odeon,78rpm,Adolfo Rosquellas,Arturo Albert,,"Ibanez, Falgas, Ortiz, Lago 1938-43",Rodolfo Biagi,Donato Calabrese,"Alfredo Attadia, Miguel Bonano, Ricardo Pedevilla","Marcos Larrosa, Claudio Gonzalez, Oscar de la Fuente"
Rodolfo Biagi ,12/2/1938,Lejos De Ti,Vals,Teófilo Ibáñez,Odeon,78rpm,Mauricio Saiovich,Manuel Meaños,,"Ibanez, Falgas, Ortiz, Lago 1938-43",Rodolfo Biagi,Donato Calabrese,"Alfredo Attadia, Miguel Bonano, Ricardo Pedevilla","Marcos Larrosa, Claudio Gonzalez, Oscar de la Fuente"
Rodolfo Biagi ,3/24/1939,La Maleva,Tango,Instrumental,Odeon,78rpm,Antonio Buglione,Mario Pardo,,"Ibanez, Falgas, Ortiz, Lago 1938-43",Rodolfo Biagi,Donato Calabrese,"Alfredo Attadia, Miguel Bonano, Ricardo Pedevilla","Marcos Larrosa, Claudio Gonzalez, Oscar de la Fuente"
Rodolfo Biagi ,3/24/1939,Alma De Bohemio,Tango,Teófilo Ibáñez,Odeon,78rpm,Roberto Firpo,Juan Andrés Caruso,,"Ibanez, Falgas, Ortiz, Lago 1938-43",Rodolfo Biagi,Donato Calabrese,"Alfredo Attadia, Miguel Bonano, Ricardo Pedevilla","Marcos Larrosa, Claudio Gonzalez, Oscar de la Fuente"
Rodolfo Biagi ,4/27/1939,Campo Afuera,Milonga,Teófilo Ibáñez,Odeon,78rpm,Rodolfo Biagi,Homero Manzi,,"Ibanez, Falgas, Ortiz, Lago 1938-43",Rodolfo Biagi,Donato Calabrese,"Alfredo Attadia, Miguel Bonano, Ricardo Pedevilla","Marcos Larrosa, Claudio Gonzalez, Oscar de la Fuente"
Rodolfo Biagi ,4/27/1939,La Novena,Tango,Teófilo Ibáñez,Odeon,78rpm,Miguel Bonano,Alfredo Bigeschi,,"Ibanez, Falgas, Ortiz, Lago 1938-43",Rodolfo Biagi,Donato Calabrese,"Alfredo Attadia, Miguel Bonano, Ricardo Pedevilla","Marcos Larrosa, Claudio Gonzalez, Oscar de la Fuente"
Rodolfo Biagi ,7/13/1939,Pura Clase,Tango,Instrumental,Odeon,78rpm,Adolfo Rosquellas,,,"Ibanez, Falgas, Ortiz, Lago 1938-43",Rodolfo Biagi,Donato Calabrese,"Alfredo Attadia, Miguel Bonano, Ricardo Pedevilla","Marcos Larrosa, Claudio Gonzalez, Oscar de la Fuente"
Rodolfo Biagi ,7/13/1939,Dichas Que Viví,Vals,Andrés Falgás,Odeon,78rpm,José Lupi,Luis Lupi,,"Ibanez, Falgas, Ortiz, Lago 1938-43",Rodolfo Biagi,Donato Calabrese,"Alfredo Attadia, Miguel Bonano, Ricardo Pedevilla","Marcos Larrosa, Claudio Gonzalez, Oscar de la Fuente"
Rodolfo Biagi ,9/18/1939,El Rápido,Tango,Instrumental,Odeon,78rpm,Roberto Firpo,,,"Ibanez, Falgas, Ortiz, Lago 1938-43",Rodolfo Biagi,Donato Calabrese,"Alfredo Attadia, Miguel Bonano, Ricardo Pedevilla","Marcos Larrosa, Claudio Gonzalez, Oscar de la Fuente"
Rodolfo Biagi ,9/18/1939,¡Cielo!,Tango,Andrés Falgás,Odeon,78rpm,Andrés Falgás,Mario Landi,,"Ibanez, Falgas, Ortiz, Lago 1938-43",Rodolfo Biagi,Donato Calabrese,"Alfredo Attadia, Miguel Bonano, Ricardo Pedevilla","Marcos Larrosa, Claudio Gonzalez, Oscar de la Fuente"
Rodolfo Biagi ,9/22/1939,Son Cosas Del Bandoneón,Tango,Andrés Falgás,Odeon,78rpm,Enrique Rodríguez,Enrique Cadícamo,,"Ibanez, Falgas, Ortiz, Lago 1938-43",Rodolfo Biagi,Donato Calabrese,"Alfredo Attadia, Miguel Bonano, Ricardo Pedevilla","Marcos Larrosa, Claudio Gonzalez, Oscar de la Fuente"
Rodolfo Biagi ,9/22/1939,Déjame Amarte Aunque Sea Un Día,Vals,Andrés Falgás,Odeon,78rpm,Ernestina Lecuona,Venancio Clauso,,"Ibanez, Falgas, Ortiz, Lago 1938-43",Rodolfo Biagi,Donato Calabrese,"Alfredo Attadia, Miguel Bonano, Ricardo Pedevilla","Marcos Larrosa, Claudio Gonzalez, Oscar de la Fuente"
Rodolfo Biagi ,10/26/1939,Griseta,Tango,Andrés Falgás,Odeon,78rpm,Enrique Delfino,José González Castillo,,"Ibanez, Falgas, Ortiz, Lago 1938-43",Rodolfo Biagi,Donato Calabrese,"Alfredo Attadia, Miguel Bonano, Ricardo Pedevilla","Marcos Larrosa, Claudio Gonzalez, Oscar de la Fuente"
Rodolfo Biagi ,10/26/1939,Queja Indiana,Tango,Andrés Falgás,Odeon,78rpm,Juan Rodríguez,Juan Velich,,"Ibanez, Falgas, Ortiz, Lago 1938-43",Rodolfo Biagi,Donato Calabrese,"Alfredo Attadia, Miguel Bonano, Ricardo Pedevilla","Marcos Larrosa, Claudio Gonzalez, Oscar de la Fuente"
Rodolfo Biagi ,3/14/1940,Deja El Mundo Como Está,Tango,Andrés Falgás,Odeon,78rpm,Rodolfo Biagi,Rodolfo Sciammarella,,"Ibanez, Falgas, Ortiz, Lago 1938-43",Rodolfo Biagi,Donato Calabrese,"Alfredo Attadia, Miguel Bonano, Ricardo Pedevilla","Marcos Larrosa, Claudio Gonzalez, Oscar de la Fuente"
Rodolfo Biagi ,3/14/1940,La Chacarera,Tango,Andrés Falgás,Odeon,78rpm,"Juan Maglio ?""Pacho"" - José Servidio",Juan Andrés Caruso,,"Ibanez, Falgas, Ortiz, Lago 1938-43",Rodolfo Biagi,Donato Calabrese,"Alfredo Attadia, Miguel Bonano, Ricardo Pedevilla","Marcos Larrosa, Claudio Gonzalez, Oscar de la Fuente"
Rodolfo Biagi ,3/27/1940,Cicatrices,Tango,Andrés Falgás,Odeon,78rpm,Adolfo Avilés,Enrique Maroni,,"Ibanez, Falgas, Ortiz, Lago 1938-43",Rodolfo Biagi,Donato Calabrese,"Alfredo Attadia, Miguel Bonano, Ricardo Pedevilla","Marcos Larrosa, Claudio Gonzalez, Oscar de la Fuente"
Rodolfo Biagi ,3/27/1940,El Último Adiós,Vals,Andrés Falgás,Odeon,78rpm,Juan Santini,Nicolás Trimani,,"Ibanez, Falgas, Ortiz, Lago 1938-43",Rodolfo Biagi,Donato Calabrese,"Alfredo Attadia, Miguel Bonano, Ricardo Pedevilla","Marcos Larrosa, Claudio Gonzalez, Oscar de la Fuente"
Rodolfo Biagi ,4/12/1940,El Estribo,Tango,Instrumental,Odeon,78rpm,Vicente Greco,,,"Ibanez, Falgas, Ortiz, Lago 1938-43",Rodolfo Biagi,Donato Calabrese,"Alfredo Attadia, Miguel Bonano, Ricardo Pedevilla","Marcos Larrosa, Claudio Gonzalez, Oscar de la Fuente"
Rodolfo Biagi ,4/12/1940,A Mí No Me Interesa,Tango,Andrés Falgás,Odeon,78rpm,Marcos Larrosa,Alfredo Defilpo,,"Ibanez, Falgas, Ortiz, Lago 1938-43",Rodolfo Biagi,Donato Calabrese,"Alfredo Attadia, Miguel Bonano, Ricardo Pedevilla","Marcos Larrosa, Claudio Gonzalez, Oscar de la Fuente"
Rodolfo Biagi ,6/19/1940,Todo Te Nombra,Tango,Jorge Ortiz,Odeon,78rpm,Francisco Canaro,Ivo Pelay,,"Ibanez, Falgas, Ortiz, Lago 1938-43",Rodolfo Biagi,Donato Calabrese,"Alfredo Attadia, Miguel Bonano, Ricardo Pedevilla","Marcos Larrosa, Claudio Gonzalez, Oscar de la Fuente"
Rodolfo Biagi ,6/19/1940,El Yaguarón,Tango,Instrumental,Odeon,78rpm,Cipriano Nava,,,"Ibanez, Falgas, Ortiz, Lago 1938-43",Rodolfo Biagi,Donato Calabrese,"Alfredo Attadia, Miguel Bonano, Ricardo Pedevilla","Marcos Larrosa, Claudio Gonzalez, Oscar de la Fuente"
Rodolfo Biagi ,6/28/1940,Cantando Se Van Las Penas,Milonga,Jorge Ortiz,Odeon,78rpm,Roberto Lurati,Roberto Lurati,,"Ibanez, Falgas, Ortiz, Lago 1938-43",Rodolfo Biagi,Donato Calabrese,"Alfredo Attadia, Miguel Bonano, Ricardo Pedevilla","Marcos Larrosa, Claudio Gonzalez, Oscar de la Fuente"
Rodolfo Biagi ,6/28/1940,¡Pinta Orillera!,Tango,Jorge Ortiz,Odeon,78rpm,Antonio Arcieri,David Farina Ortiz,,"Ibanez, Falgas, Ortiz, Lago 1938-43",Rodolfo Biagi,Donato Calabrese,"Alfredo Attadia, Miguel Bonano, Ricardo Pedevilla","Marcos Larrosa, Claudio Gonzalez, Oscar de la Fuente"
Rodolfo Biagi ,7/16/1940,Quiero Verte Una Vez Más,Tango,Jorge Ortiz,Odeon,78rpm,Mario Canaro,José María Contursi,,"Ibanez, Falgas, Ortiz, Lago 1938-43",Rodolfo Biagi,Donato Calabrese,"Alfredo Attadia, Miguel Bonano, Ricardo Pedevilla","Marcos Larrosa, Claudio Gonzalez, Oscar de la Fuente"
Rodolfo Biagi ,7/16/1940,Guapo Y Varón,Tango,Jorge Ortiz,Odeon,78rpm,Enrique Delfino,Manuel Romero,,"Ibanez, Falgas, Ortiz, Lago 1938-43",Rodolfo Biagi,Donato Calabrese,"Alfredo Attadia, Miguel Bonano, Ricardo Pedevilla","Marcos Larrosa, Claudio Gonzalez, Oscar de la Fuente"
Rodolfo Biagi ,10/4/1940,Callecita De Mi Barrio,Tango,Jorge Ortiz,Odeon,78rpm,Alberto Laporte - Otelo Gasparini,Enrique Maroni,,"Ibanez, Falgas, Ortiz, Lago 1938-43",Rodolfo Biagi,Donato Calabrese,"Alfredo Attadia, Miguel Bonano, Ricardo Pedevilla","Marcos Larrosa, Claudio Gonzalez, Oscar de la Fuente"
Rodolfo Biagi ,10/4/1940,Por Un Beso De Amor,Vals,Jorge Ortiz,Odeon,78rpm,Doménico Nino Ravasini - Umberto Bertin,Doménico Nino Ravasini - Umberto Bertini,,"Ibanez, Falgas, Ortiz, Lago 1938-43",Rodolfo Biagi,Donato Calabrese,"Alfredo Attadia, Miguel Bonano, Ricardo Pedevilla","Marcos Larrosa, Claudio Gonzalez, Oscar de la Fuente"
Rodolfo Biagi ,10/15/1940,Misa De Once,Tango,Jorge Ortiz,Odeon,78rpm,Juan José Guichandut,Armando Tagini,,"Ibanez, Falgas, Ortiz, Lago 1938-43",Rodolfo Biagi,Donato Calabrese,"Alfredo Attadia, Miguel Bonano, Ricardo Pedevilla","Marcos Larrosa, Claudio Gonzalez, Oscar de la Fuente"
Rodolfo Biagi ,10/15/1940,¡Marcas...!,Tango,Jorge Ortiz,Odeon,78rpm,Héctor Artola,Carlos Bahr,,"Ibanez, Falgas, Ortiz, Lago 1938-43",Rodolfo Biagi,Donato Calabrese,"Alfredo Attadia, Miguel Bonano, Ricardo Pedevilla","Marcos Larrosa, Claudio Gonzalez, Oscar de la Fuente"
Rodolfo Biagi ,12/17/1940,No Le Digas Que La Quiero,Tango,Jorge Ortiz,Odeon,78rpm,Enrique Delfino,Alberto Vaccarezza,,"Ibanez, Falgas, Ortiz, Lago 1938-43",Rodolfo Biagi,Donato Calabrese,"Alfredo Attadia, Miguel Bonano, Ricardo Pedevilla","Marcos Larrosa, Claudio Gonzalez, Oscar de la Fuente"
Rodolfo Biagi ,12/17/1940,La Marca De Fuego,Tango,Instrumental,Odeon,78rpm,"Juan Maglio ""Pacho""",,,"Ibanez, Falgas, Ortiz, Lago 1938-43",Rodolfo Biagi,Donato Calabrese,"Alfredo Attadia, Miguel Bonano, Ricardo Pedevilla","Marcos Larrosa, Claudio Gonzalez, Oscar de la Fuente"
Rodolfo Biagi ,12/26/1940,Yo También,Tango,Jorge Ortiz,Odeon,78rpm,Luis Visca,Luis Rubistein,,"Ibanez, Falgas, Ortiz, Lago 1938-43",Rodolfo Biagi,Donato Calabrese,"Alfredo Attadia, Miguel Bonano, Ricardo Pedevilla","Marcos Larrosa, Claudio Gonzalez, Oscar de la Fuente"
Rodolfo Biagi ,12/26/1940,Re Fa Si,Tango,Instrumental,Odeon,78rpm,Enrique Delfino,,,"Ibanez, Falgas, Ortiz, Lago 1938-43",Rodolfo Biagi,Donato Calabrese,"Alfredo Attadia, Miguel Bonano, Ricardo Pedevilla","Marcos Larrosa, Claudio Gonzalez, Oscar de la Fuente"
Rodolfo Biagi ,1/14/1941,Pájaro Ciego,Tango,Jorge Ortiz,Odeon,78rpm,Antonio Bonavena,Lito Bayardo,,"Ibanez, Falgas, Ortiz, Lago 1938-43",Rodolfo Biagi,Donato Calabrese,"Alfredo Attadia, Miguel Bonano, Ricardo Pedevilla","Marcos Larrosa, Claudio Gonzalez, Oscar de la Fuente"
Rodolfo Biagi ,1/14/1941,El Entrerriano,Tango,Instrumental,Odeon,78rpm,Rosendo Mendizábal,,,"Ibanez, Falgas, Ortiz, Lago 1938-43",Rodolfo Biagi,Donato Calabrese,"Alfredo Attadia, Miguel Bonano, Ricardo Pedevilla","Marcos Larrosa, Claudio Gonzalez, Oscar de la Fuente"
Rodolfo Biagi ,3/15/1941,Humillación,Tango,Jorge Ortiz,Odeon,78rpm,Rodolfo Biagi,Carlos Bahr,,"Ibanez, Falgas, Ortiz, Lago 1938-43",Rodolfo Biagi,Donato Calabrese,"Alfredo Attadia, Miguel Bonano, Ricardo Pedevilla","Marcos Larrosa, Claudio Gonzalez, Oscar de la Fuente"
Rodolfo Biagi ,3/15/1941,Será Lo Mejor,Tango,Jorge Ortiz,Odeon,78rpm,Alfredo David,Alfredo David,,"Ibanez, Falgas, Ortiz, Lago 1938-43",Rodolfo Biagi,Donato Calabrese,"Alfredo Attadia, Miguel Bonano, Ricardo Pedevilla","Marcos Larrosa, Claudio Gonzalez, Oscar de la Fuente"
Rodolfo Biagi ,3/26/1941,Zaraza,Tango,Jorge Ortiz,Odeon,78rpm,Benjamín Tagle Lara,Benjamín Tagle Lara,,"Ibanez, Falgas, Ortiz, Lago 1938-43",Rodolfo Biagi,Donato Calabrese,"Alfredo Attadia, Miguel Bonano, Ricardo Pedevilla","Marcos Larrosa, Claudio Gonzalez, Oscar de la Fuente"
Rodolfo Biagi ,3/26/1941,Lágrimas Y Sonrisas,Vals,Instrumental,Odeon,78rpm,Pascual De Gullo,,,"Ibanez, Falgas, Ortiz, Lago 1938-43",Rodolfo Biagi,Donato Calabrese,"Alfredo Attadia, Miguel Bonano, Ricardo Pedevilla","Marcos Larrosa, Claudio Gonzalez, Oscar de la Fuente"
Rodolfo Biagi ,3/26/1941,La Marcha Nupcial,Tango,Jorge Ortiz,Odeon,78rpm,Armando Tagini,Venancio Clauso,,"Ibanez, Falgas, Ortiz, Lago 1938-43",Rodolfo Biagi,Donato Calabrese,"Alfredo Attadia, Miguel Bonano, Ricardo Pedevilla","Marcos Larrosa, Claudio Gonzalez, Oscar de la Fuente"
Rodolfo Biagi ,3/26/1941,Romántico Bulincito,Tango,Jorge Ortiz,Odeon,78rpm,Augusto Gentile,Enrique Dizeo,,"Ibanez, Falgas, Ortiz, Lago 1938-43",Rodolfo Biagi,Donato Calabrese,"Alfredo Attadia, Miguel Bonano, Ricardo Pedevilla","Marcos Larrosa, Claudio Gonzalez, Oscar de la Fuente"
Rodolfo Biagi ,7/29/1941,Ya Lo Ves,Tango,Jorge Ortiz,Odeon,78rpm,Juan D'Arienzo,Luis Rubistein,,"Ibanez, Falgas, Ortiz, Lago 1938-43",Rodolfo Biagi,Donato Calabrese,"Alfredo Attadia, Miguel Bonano, Ricardo Pedevilla","Marcos Larrosa, Claudio Gonzalez, Oscar de la Fuente"
Rodolfo Biagi ,7/29/1941,Cuatro Palabras,Vals,Jorge Ortiz,Odeon,78rpm,Miguel Bucino,Miguel Bucino,,"Ibanez, Falgas, Ortiz, Lago 1938-43",Rodolfo Biagi,Donato Calabrese,"Alfredo Attadia, Miguel Bonano, Ricardo Pedevilla","Marcos Larrosa, Claudio Gonzalez, Oscar de la Fuente"
Rodolfo Biagi ,9/26/1941,Carrillón De La Merced,Tango,Jorge Ortiz,Odeon,78rpm,Enrique Santos Discépolo,Enrique Santos Discépolo - Alfredo Le Pera,,"Ibanez, Falgas, Ortiz, Lago 1938-43",Rodolfo Biagi,Donato Calabrese,"Alfredo Attadia, Miguel Bonano, Ricardo Pedevilla","Marcos Larrosa, Claudio Gonzalez, Oscar de la Fuente"
Rodolfo Biagi ,9/26/1941,Ahora No Me Conocés,Tango,Jorge Ortiz,Odeon,78rpm,Armando Baliotti,Carlos Giampé,,"Ibanez, Falgas, Ortiz, Lago 1938-43",Rodolfo Biagi,Donato Calabrese,"Alfredo Attadia, Miguel Bonano, Ricardo Pedevilla","Marcos Larrosa, Claudio Gonzalez, Oscar de la Fuente"
Rodolfo Biagi ,10/7/1941,Quejas De Bandoneón,Tango,Instrumental,Odeon,78rpm,Juan de Dios Filiberto,,,"Ibanez, Falgas, Ortiz, Lago 1938-43",Rodolfo Biagi,Donato Calabrese,"Alfredo Attadia, Miguel Bonano, Ricardo Pedevilla","Marcos Larrosa, Claudio Gonzalez, Oscar de la Fuente"
Rodolfo Biagi ,10/7/1941,Pájaro Herido,Vals,Instrumental,Odeon,78rpm,Esteban A. Parma, Amadeo Raffo,,"Ibanez, Falgas, Ortiz, Lago 1938-43",Rodolfo Biagi,Donato Calabrese,"Alfredo Attadia, Miguel Bonano, Ricardo Pedevilla","Marcos Larrosa, Claudio Gonzalez, Oscar de la Fuente"
Rodolfo Biagi ,10/21/1941,Picante,Milonga,Instrumental,Odeon,78rpm,José Luis Padula,,,"Ibanez, Falgas, Ortiz, Lago 1938-43",Rodolfo Biagi,Donato Calabrese,"Alfredo Attadia, Miguel Bonano, Ricardo Pedevilla","Marcos Larrosa, Claudio Gonzalez, Oscar de la Fuente"
Rodolfo Biagi ,10/21/1941,Didí,Tango,Instrumental,Odeon,78rpm,Roberto Firpo,,,"Ibanez, Falgas, Ortiz, Lago 1938-43",Rodolfo Biagi,Donato Calabrese,"Alfredo Attadia, Miguel Bonano, Ricardo Pedevilla","Marcos Larrosa, Claudio Gonzalez, Oscar de la Fuente"
Rodolfo Biagi ,12/3/1941,No Puede Ser,Tango,Alberto Lago,Odeon,78rpm,Juan Carlos Howard - Marcos Larrosa,Julio Jorge Nelson,,"Ibanez, Falgas, Ortiz, Lago 1938-43",Rodolfo Biagi,Donato Calabrese,"Alfredo Attadia, Miguel Bonano, Ricardo Pedevilla","Marcos Larrosa, Claudio Gonzalez, Oscar de la Fuente"
Rodolfo Biagi ,12/3/1941,Marcheta (Marquitta),Vals,Instrumental,Odeon,78rpm,Víctor Schertzinger,,,"Ibanez, Falgas, Ortiz, Lago 1938-43",Rodolfo Biagi,Donato Calabrese,"Alfredo Attadia, Miguel Bonano, Ricardo Pedevilla","Marcos Larrosa, Claudio Gonzalez, Oscar de la Fuente"
Rodolfo Biagi ,1/16/1942,Arrebato,Tango,Alberto Lago,Odeon,78rpm,Oscar Valpreda,Gerónimo Sureda,,"Ibanez, Falgas, Ortiz, Lago 1938-43",Rodolfo Biagi,Donato Calabrese,"Alfredo Attadia, Miguel Bonano, Ricardo Pedevilla","Marcos Larrosa, Claudio Gonzalez, Oscar de la Fuente"
Rodolfo Biagi ,1/20/1942,Bélgica,Tango,Instrumental,Odeon,78rpm,Enrique Delfino,,,"Ibanez, Falgas, Ortiz, Lago 1938-43",Rodolfo Biagi,Donato Calabrese,"Alfredo Attadia, Miguel Bonano, Ricardo Pedevilla","Marcos Larrosa, Claudio Gonzalez, Oscar de la Fuente"
Rodolfo Biagi ,2/2/1942,Sentimiento Gaucho,Tango,Instrumental,Odeon,78rpm,Rafael Canaro - Francisco Canaro,Juan Andrés Caruso,,"Ibanez, Falgas, Ortiz, Lago 1938-43",Rodolfo Biagi,Donato Calabrese,"Alfredo Attadia, Miguel Bonano, Ricardo Pedevilla","Marcos Larrosa, Claudio Gonzalez, Oscar de la Fuente"
Rodolfo Biagi ,2/2/1942,Te Odio,Tango,Alberto Lago,Odeon,78rpm,Francisco Pracánico,Celedonio Flores,,"Ibanez, Falgas, Ortiz, Lago 1938-43",Rodolfo Biagi,Donato Calabrese,"Alfredo Attadia, Miguel Bonano, Ricardo Pedevilla","Marcos Larrosa, Claudio Gonzalez, Oscar de la Fuente"
Rodolfo Biagi ,4/15/1942,La Cumparsita,Tango,Jorge Ortiz,Odeon,78rpm,Gerardo Matos Rodríguez,Enrique Pedro Maroni,,"Ibanez, Falgas, Ortiz, Lago 1938-43",Rodolfo Biagi,Donato Calabrese,"Alfredo Attadia, Miguel Bonano, Ricardo Pedevilla","Marcos Larrosa, Claudio Gonzalez, Oscar de la Fuente"
Rodolfo Biagi ,4/15/1942,Calla Corazón,Tango,Jorge Ortiz,Odeon,78rpm,Enrique Delfino,Mario Rada,,"Ibanez, Falgas, Ortiz, Lago 1938-43",Rodolfo Biagi,Donato Calabrese,"Alfredo Attadia, Miguel Bonano, Ricardo Pedevilla","Marcos Larrosa, Claudio Gonzalez, Oscar de la Fuente"
Rodolfo Biagi ,5/22/1942,Amor Y Vals,Vals,Alberto Lago,Odeon,78rpm,Rodolfo Biagi,Carlos Bahr,,"Ibanez, Falgas, Ortiz, Lago 1938-43",Rodolfo Biagi,Donato Calabrese,"Alfredo Attadia, Miguel Bonano, Ricardo Pedevilla","Marcos Larrosa, Claudio Gonzalez, Oscar de la Fuente"
Rodolfo Biagi ,5/22/1942,Metido (Enamorado),Tango,Alberto Lago,Odeon,78rpm,Príncipe Cubano,Príncipe Cubano,,"Ibanez, Falgas, Ortiz, Lago 1938-43",Rodolfo Biagi,Donato Calabrese,"Alfredo Attadia, Miguel Bonano, Ricardo Pedevilla","Marcos Larrosa, Claudio Gonzalez, Oscar de la Fuente"
Rodolfo Biagi ,8/28/1942,Catorce Primaveras,Tango,Jorge Ortiz,Odeon,78rpm,Eduardo Pataro Conte,Julio Navarrine,,"Ibanez, Falgas, Ortiz, Lago 1938-43",Rodolfo Biagi,Donato Calabrese,"Alfredo Attadia, Miguel Bonano, Ricardo Pedevilla","Marcos Larrosa, Claudio Gonzalez, Oscar de la Fuente"
Rodolfo Biagi ,8/28/1942,Oyendo Tu Voz,Tango,Jorge Ortiz,Odeon,78rpm,Marcos Larrosa,Julio Jorge Nelson,,"Ibanez, Falgas, Ortiz, Lago 1938-43",Rodolfo Biagi,Donato Calabrese,"Alfredo Attadia, Miguel Bonano, Ricardo Pedevilla","Marcos Larrosa, Claudio Gonzalez, Oscar de la Fuente"
Rodolfo Biagi ,9/10/1942,La Cumparsita,Tango,Instrumental,Odeon,78rpm,Gerardo Matos Rodríguez,,,"Ibanez, Falgas, Ortiz, Lago 1938-43",Rodolfo Biagi,Donato Calabrese,"Alfredo Attadia, Miguel Bonano, Ricardo Pedevilla","Marcos Larrosa, Claudio Gonzalez, Oscar de la Fuente"
Rodolfo Biagi ,9/10/1942,Indiferencia,Tango,Jorge Ortiz,Odeon,78rpm,Rodolfo Biagi,Juan Carlos Thorry,,"Ibanez, Falgas, Ortiz, Lago 1938-43",Rodolfo Biagi,Donato Calabrese,"Alfredo Attadia, Miguel Bonano, Ricardo Pedevilla","Marcos Larrosa, Claudio Gonzalez, Oscar de la Fuente"
Rodolfo Biagi ,10/29/1942,Si De Mí Te Has Olvidado,Tango,Jorge Ortiz,Odeon,78rpm,Osvaldo Fresedo,José María Contursi,,"Ibanez, Falgas, Ortiz, Lago 1938-43",Rodolfo Biagi,Donato Calabrese,"Alfredo Attadia, Miguel Bonano, Ricardo Pedevilla","Marcos Larrosa, Claudio Gonzalez, Oscar de la Fuente"
Rodolfo Biagi ,1/15/1943,¡Señor! ¡Señor!,Tango,Jorge Ortiz,Odeon,78rpm,Ángel Welles,Venancio Clauso,,"Ibanez, Falgas, Ortiz, Lago 1938-43",Rodolfo Biagi,Donato Calabrese,"Alfredo Attadia, Miguel Bonano, Ricardo Pedevilla","Marcos Larrosa, Claudio Gonzalez, Oscar de la Fuente"
Rodolfo Biagi ,1/15/1943,Pueblito De Provincia,Tango,Jorge Ortiz,Odeon,78rpm,Héctor Stamponi,Homero Expósito,,"Ibanez, Falgas, Ortiz, Lago 1938-43",Rodolfo Biagi,Donato Calabrese,"Alfredo Attadia, Miguel Bonano, Ricardo Pedevilla","Marcos Larrosa, Claudio Gonzalez, Oscar de la Fuente"
Rodolfo Biagi ,3/3/1943,Arlette,Tango,Alberto Amor,Odeon,78rpm,Antonio Bonavena,Horacio Sanguinetti,,"Amor, Acuna, Ortiz, Saavedra 1943-50",Rodolfo Biagi,Donato Calabrese,"Alfredo Attadia, Miguel Bonano, Ricardo Pedevilla","Marcos Larrosa, Claudio Gonzalez, Oscar de la Fuente"
Rodolfo Biagi ,3/3/1943,Por Algo Será,Tango,Alberto Amor,Odeon,78rpm,Carlos Rivero - Otello Elli,Carlos Rivero - Otello Elli,,"Amor, Acuna, Ortiz, Saavedra 1943-50",Rodolfo Biagi,Donato Calabrese,"Alfredo Attadia, Miguel Bonano, Ricardo Pedevilla","Marcos Larrosa, Claudio Gonzalez, Oscar de la Fuente"
Rodolfo Biagi ,3/3/1943,Yo Tengo Un Puñal,Tango,Carlos Acuña,Odeon,78rpm,Luis Moresco,José Terragno,,"Amor, Acuna, Ortiz, Saavedra 1943-50",Rodolfo Biagi,Donato Calabrese,"Alfredo Attadia, Miguel Bonano, Ricardo Pedevilla","Marcos Larrosa, Claudio Gonzalez, Oscar de la Fuente"
Rodolfo Biagi ,3/3/1943,A La Luz Del Candil,Tango,Carlos Acuña,Odeon,78rpm,Carlos Vicente Geroni Flores,Julio Navarrine,,"Amor, Acuna, Ortiz, Saavedra 1943-50",Rodolfo Biagi,Donato Calabrese,"Alfredo Attadia, Miguel Bonano, Ricardo Pedevilla","Marcos Larrosa, Claudio Gonzalez, Oscar de la Fuente"
Rodolfo Biagi ,4/29/1943,Barrio Reo,Tango,Carlos Acuña,Odeon,78rpm,Roberto Fugazot,Alfredo Navarrine,,"Amor, Acuna, Ortiz, Saavedra 1943-50",Rodolfo Biagi,Donato Calabrese,"Alfredo Attadia, Miguel Bonano, Ricardo Pedevilla","Marcos Larrosa, Claudio Gonzalez, Oscar de la Fuente"
Rodolfo Biagi ,4/29/1943,Canción De Rango,Tango,Carlos Acuña,Odeon,78rpm,Raúl Kaplún,José María Suñé,,"Amor, Acuna, Ortiz, Saavedra 1943-50",Rodolfo Biagi,Donato Calabrese,"Alfredo Attadia, Miguel Bonano, Ricardo Pedevilla","Marcos Larrosa, Claudio Gonzalez, Oscar de la Fuente"
Rodolfo Biagi ,7/8/1943,Tres Horas,Tango,Alberto Amor,Odeon,78rpm,Héctor Varela,Alberto Nery,,"Amor, Acuna, Ortiz, Saavedra 1943-50",Rodolfo Biagi,Donato Calabrese,"Alfredo Attadia, Miguel Bonano, Ricardo Pedevilla","Marcos Larrosa, Claudio Gonzalez, Oscar de la Fuente"
Rodolfo Biagi ,7/8/1943,Soy Del 90 ,Milonga,Carlos Acuña,Odeon,78rpm,Tito Ribero,Carlos Waiss,,"Amor, Acuna, Ortiz, Saavedra 1943-50",Rodolfo Biagi,Donato Calabrese,"Alfredo Attadia, Miguel Bonano, Ricardo Pedevilla","Marcos Larrosa, Claudio Gonzalez, Oscar de la Fuente"
Rodolfo Biagi ,8/24/1943,Adiós Te Vas,Tango,Carlos Acuña,Odeon,78rpm,Egidio Pittaluga,Cátulo Castillo,,"Amor, Acuna, Ortiz, Saavedra 1943-50",Rodolfo Biagi,Donato Calabrese,"Alfredo Attadia, Miguel Bonano, Ricardo Pedevilla","Marcos Larrosa, Claudio Gonzalez, Oscar de la Fuente"
Rodolfo Biagi ,8/24/1943,Prisionero,Vals,Alberto Amor,Odeon,78rpm,Julio Carresons,Carlos Bahr,,"Amor, Acuna, Ortiz, Saavedra 1943-50",Rodolfo Biagi,Donato Calabrese,"Alfredo Attadia, Miguel Bonano, Ricardo Pedevilla","Marcos Larrosa, Claudio Gonzalez, Oscar de la Fuente"
Rodolfo Biagi ,12/7/1943,Si La Llegaran A Ver,Tango,Alberto Amor,Odeon,78rpm,Juan D'Arienzo,Enrique Cadícamo,,"Amor, Acuna, Ortiz, Saavedra 1943-50",Rodolfo Biagi,Donato Calabrese,"Alfredo Attadia, Miguel Bonano, Ricardo Pedevilla","Marcos Larrosa, Claudio Gonzalez, Oscar de la Fuente"
Rodolfo Biagi ,12/7/1943,Lonjazos,Tango,Carlos Acuña,Odeon,78rpm,Andrés Domenech,Jesús Fernández Blanco,,"Amor, Acuna, Ortiz, Saavedra 1943-50",Rodolfo Biagi,Donato Calabrese,"Alfredo Attadia, Miguel Bonano, Ricardo Pedevilla","Marcos Larrosa, Claudio Gonzalez, Oscar de la Fuente"
Rodolfo Biagi ,4/11/1944,Uno,Tango,Carlos Acuña,Odeon,78rpm,Mariano Mores,Enrique Santos Discépolo,,"Amor, Acuna, Ortiz, Saavedra 1943-50",Rodolfo Biagi,Donato Calabrese,"Alfredo Attadia, Miguel Bonano, Ricardo Pedevilla","Marcos Larrosa, Claudio Gonzalez, Oscar de la Fuente"
Rodolfo Biagi ,4/11/1944,Sueño De Juventud,Vals,Carlos Acuña,Odeon,78rpm,Enrique Santos Discépolo,Enrique Santos Discépolo,,"Amor, Acuna, Ortiz, Saavedra 1943-50",Rodolfo Biagi,Donato Calabrese,"Alfredo Attadia, Miguel Bonano, Ricardo Pedevilla","Marcos Larrosa, Claudio Gonzalez, Oscar de la Fuente"
Rodolfo Biagi ,4/11/1944,Lisón,Tango,Alberto Amor,Odeon,78rpm,José Ranieri,Julián Centeya,,"Amor, Acuna, Ortiz, Saavedra 1943-50",Rodolfo Biagi,Donato Calabrese,"Alfredo Attadia, Miguel Bonano, Ricardo Pedevilla","Marcos Larrosa, Claudio Gonzalez, Oscar de la Fuente"
Rodolfo Biagi ,5/9/1944,Nada,Tango,Alberto Amor,Odeon,78rpm,José Dames,Horacio Sanguinetti,,"Amor, Acuna, Ortiz, Saavedra 1943-50",Rodolfo Biagi,Donato Calabrese,"Alfredo Attadia, Miguel Bonano, Ricardo Pedevilla","Marcos Larrosa, Claudio Gonzalez, Oscar de la Fuente"
Rodolfo Biagi ,5/9/1944,Tu Voz,Tango,Carlos Acuña,Odeon,78rpm,Juan Migliore,Ricardo Duggan,,"Amor, Acuna, Ortiz, Saavedra 1943-50",Rodolfo Biagi,Donato Calabrese,"Alfredo Attadia, Miguel Bonano, Ricardo Pedevilla","Marcos Larrosa, Claudio Gonzalez, Oscar de la Fuente"
Rodolfo Biagi ,5/30/1944,Sosiego En La Noche,Tango,Carlos Acuña,Odeon,78rpm,Roberto Garza,Carlos Bahr,,"Amor, Acuna, Ortiz, Saavedra 1943-50",Rodolfo Biagi,Donato Calabrese,"Alfredo Attadia, Miguel Bonano, Ricardo Pedevilla","Marcos Larrosa, Claudio Gonzalez, Oscar de la Fuente"
Rodolfo Biagi ,8/11/1944,Como El Hornero,Tango,Alberto Amor,Odeon,78rpm,Manuel Sucher,José Rótulo,,"Amor, Acuna, Ortiz, Saavedra 1943-50",Rodolfo Biagi,Donato Calabrese,"Alfredo Attadia, Miguel Bonano, Ricardo Pedevilla","Marcos Larrosa, Claudio Gonzalez, Oscar de la Fuente"
Rodolfo Biagi ,8/11/1944,A Suerte Y Verdad,Tango,Carlos Acuña,Odeon,78rpm,Carlos Maria Parodi,Carlos Waiss,,"Amor, Acuna, Ortiz, Saavedra 1943-50",Rodolfo Biagi,Donato Calabrese,"Alfredo Attadia, Miguel Bonano, Ricardo Pedevilla","Marcos Larrosa, Claudio Gonzalez, Oscar de la Fuente"
Rodolfo Biagi ,9/15/1944,Seamos Amigos,Tango,Alberto Amor,Odeon,78rpm,Domingo Rullo - Príncipe Cubano,Domingo Rullo - Príncipe Cubano,,"Amor, Acuna, Ortiz, Saavedra 1943-50",Rodolfo Biagi,Donato Calabrese,"Alfredo Attadia, Miguel Bonano, Ricardo Pedevilla","Marcos Larrosa, Claudio Gonzalez, Oscar de la Fuente"
Rodolfo Biagi ,9/15/1944,Viento Malo,Tango,Alberto Amor,Odeon,78rpm,Miguel Nijensohn - José Nieso,José María Suñé,,"Amor, Acuna, Ortiz, Saavedra 1943-50",Rodolfo Biagi,Donato Calabrese,"Alfredo Attadia, Miguel Bonano, Ricardo Pedevilla","Marcos Larrosa, Claudio Gonzalez, Oscar de la Fuente"
Rodolfo Biagi ,1/24/1945,Magdala,Tango,Jorge Ortiz,Odeon,78rpm,Rodolfo Biagi,Francisco Gorrindo,,"Amor, Acuna, Ortiz, Saavedra 1943-50",Rodolfo Biagi,Donato Calabrese,"Alfredo Attadia, Miguel Bonano, Ricardo Pedevilla","Marcos Larrosa, Claudio Gonzalez, Oscar de la Fuente"
Rodolfo Biagi ,1/24/1945,Yuyo Verde (Callejón),Tango,Jorge Ortiz,Odeon,78rpm,Domingo Federico,Homero Expósito,,"Amor, Acuna, Ortiz, Saavedra 1943-50",Rodolfo Biagi,Donato Calabrese,"Alfredo Attadia, Miguel Bonano, Ricardo Pedevilla","Marcos Larrosa, Claudio Gonzalez, Oscar de la Fuente"
Rodolfo Biagi ,2/6/1945,"Copas, Amigas Y Besos",Tango,Jorge Ortiz,Odeon,78rpm,Mariano Mores,Enrique Cadícamo,,"Amor, Acuna, Ortiz, Saavedra 1943-50",Rodolfo Biagi,Donato Calabrese,"Alfredo Attadia, Miguel Bonano, Ricardo Pedevilla","Marcos Larrosa, Claudio Gonzalez, Oscar de la Fuente"
Rodolfo Biagi ,2/6/1945,Paloma,Vals,Alberto Amor,Odeon,78rpm,Juan José Guichandut,Horacio Sanguinetti,,"Amor, Acuna, Ortiz, Saavedra 1943-50",Rodolfo Biagi,Donato Calabrese,"Alfredo Attadia, Miguel Bonano, Ricardo Pedevilla","Marcos Larrosa, Claudio Gonzalez, Oscar de la Fuente"
Rodolfo Biagi ,4/24/1945,Equipaje,Tango,Jorge Ortiz,Odeon,78rpm,Héctor Artola,Carlos Bahr,,"Amor, Acuna, Ortiz, Saavedra 1943-50",Rodolfo Biagi,Donato Calabrese,"Alfredo Attadia, Miguel Bonano, Ricardo Pedevilla","Marcos Larrosa, Claudio Gonzalez, Oscar de la Fuente"
Rodolfo Biagi ,4/25/1945,Trenzas,Tango,Jorge Ortiz,Odeon,78rpm,Armando Pontier,Homero Expósito,,"Amor, Acuna, Ortiz, Saavedra 1943-50",Rodolfo Biagi,Donato Calabrese,"Alfredo Attadia, Miguel Bonano, Ricardo Pedevilla","Marcos Larrosa, Claudio Gonzalez, Oscar de la Fuente"
Rodolfo Biagi ,5/25/1945,Me Quedé Mirándola,Tango,Alberto Amor,Odeon,78rpm,Vicente Spina,Roberto Miró,,"Amor, Acuna, Ortiz, Saavedra 1943-50",Rodolfo Biagi,Donato Calabrese,"Alfredo Attadia, Miguel Bonano, Ricardo Pedevilla","Marcos Larrosa, Claudio Gonzalez, Oscar de la Fuente"
Rodolfo Biagi ,5/25/1945,Tu Melodía (Take 2),Vals,Jorge Ortiz,Odeon,78rpm,Alberto Suárez Villanueva,Oscar Rubens,,"Amor, Acuna, Ortiz, Saavedra 1943-50",Rodolfo Biagi,Donato Calabrese,"Alfredo Attadia, Miguel Bonano, Ricardo Pedevilla","Marcos Larrosa, Claudio Gonzalez, Oscar de la Fuente"
Rodolfo Biagi ,6/15/1945,Cuando Se Ha Querido Mucho,Tango,Jorge Ortiz,Odeon,78rpm,Federico Leone,Enrique Dizeo,,"Amor, Acuna, Ortiz, Saavedra 1943-50",Rodolfo Biagi,Donato Calabrese,"Alfredo Attadia, Miguel Bonano, Ricardo Pedevilla","Marcos Larrosa, Claudio Gonzalez, Oscar de la Fuente"
Rodolfo Biagi ,6/15/1945,Café De Los Angelitos,Tango,Alberto Amor,Odeon,78rpm,José Razzano - Cátulo Castillo,José Razzano - Cátulo Castillo,,"Amor, Acuna, Ortiz, Saavedra 1943-50",Rodolfo Biagi,Donato Calabrese,"Alfredo Attadia, Miguel Bonano, Ricardo Pedevilla","Marcos Larrosa, Claudio Gonzalez, Oscar de la Fuente"
Rodolfo Biagi ,9/6/1945,Mis Amores De Ayer,Tango,Alberto Amor,Odeon,78rpm,Oscar Sabino - M. Rocha,Horacio Sanguinetti,,"Amor, Acuna, Ortiz, Saavedra 1943-50",Rodolfo Biagi,Donato Calabrese,"Alfredo Attadia, Miguel Bonano, Ricardo Pedevilla","Marcos Larrosa, Claudio Gonzalez, Oscar de la Fuente"
Rodolfo Biagi ,9/6/1945,Soledad La De Barracas,Tango,Jorge Ortiz,Odeon,78rpm,Roberto Garza,Carlos Bahr,,"Amor, Acuna, Ortiz, Saavedra 1943-50",Rodolfo Biagi,Donato Calabrese,"Alfredo Attadia, Miguel Bonano, Ricardo Pedevilla","Marcos Larrosa, Claudio Gonzalez, Oscar de la Fuente"
Rodolfo Biagi ,10/15/1945,Anselmo Laguna,Tango,Alberto Amor,Odeon,78rpm,Vicente Salerno,Marvil (Elizardo Martínez Vilas),,"Amor, Acuna, Ortiz, Saavedra 1943-50",Rodolfo Biagi,Donato Calabrese,"Alfredo Attadia, Miguel Bonano, Ricardo Pedevilla","Marcos Larrosa, Claudio Gonzalez, Oscar de la Fuente"
Rodolfo Biagi ,10/15/1945,Tus Labios Me Dirán,Tango,Alberto Amor,Odeon,78rpm,Emilio Brameri,Héctor Marcó,,"Amor, Acuna, Ortiz, Saavedra 1943-50",Rodolfo Biagi,Donato Calabrese,"Alfredo Attadia, Miguel Bonano, Ricardo Pedevilla","Marcos Larrosa, Claudio Gonzalez, Oscar de la Fuente"
Rodolfo Biagi ,11/30/1945,Hoy Te Quiero Mucho Más,Tango,Alberto Amor,Odeon,78rpm,Carlos Lazzari,Horacio Sanguinetti,,"Amor, Acuna, Ortiz, Saavedra 1943-50",Rodolfo Biagi,Donato Calabrese,"Alfredo Attadia, Miguel Bonano, Ricardo Pedevilla","Marcos Larrosa, Claudio Gonzalez, Oscar de la Fuente"
Rodolfo Biagi ,11/30/1945,Flor De Monserrat ,Milonga,Alberto Amor,Odeon,78rpm,Juan Santini,Vicente Planells del Campo,,"Amor, Acuna, Ortiz, Saavedra 1943-50",Rodolfo Biagi,Donato Calabrese,"Alfredo Attadia, Miguel Bonano, Ricardo Pedevilla","Marcos Larrosa, Claudio Gonzalez, Oscar de la Fuente"
Rodolfo Biagi ,1/18/1946,Pudo Ser Una Vida,Tango,Alberto Amor,Odeon,78rpm,Elías Randal,Carlos Bahr,,"Amor, Acuna, Ortiz, Saavedra 1943-50",Rodolfo Biagi,Donato Calabrese,"Alfredo Attadia, Miguel Bonano, Ricardo Pedevilla","Marcos Larrosa, Claudio Gonzalez, Oscar de la Fuente"
Rodolfo Biagi ,1/18/1946,Aroma De Amor,Vals,Alberto Amor,Odeon,78rpm,Román Juri,Carlos Waiss,,"Amor, Acuna, Ortiz, Saavedra 1943-50",Rodolfo Biagi,Donato Calabrese,"Alfredo Attadia, Miguel Bonano, Ricardo Pedevilla","Marcos Larrosa, Claudio Gonzalez, Oscar de la Fuente"
Rodolfo Biagi ,1/31/1946,"Adiós, Pampa Mía",Tango,Alberto Amor,Odeon,78rpm,Francisco Canaro - Mariano Mores,Ivo Pelay,,"Amor, Acuna, Ortiz, Saavedra 1943-50",Rodolfo Biagi,Donato Calabrese,"Alfredo Attadia, Miguel Bonano, Ricardo Pedevilla","Marcos Larrosa, Claudio Gonzalez, Oscar de la Fuente"
Rodolfo Biagi ,1/31/1946,Marol,Tango,Alberto Amor,Odeon,78rpm,Alberto Nery,Federico Silva,,"Amor, Acuna, Ortiz, Saavedra 1943-50",Rodolfo Biagi,Donato Calabrese,"Alfredo Attadia, Miguel Bonano, Ricardo Pedevilla","Marcos Larrosa, Claudio Gonzalez, Oscar de la Fuente"
Rodolfo Biagi ,4/17/1946,Cuatro Lágrimas,Tango,Alberto Amor,Odeon,78rpm,Lito Bayardo,Lito Bayardo,,"Amor, Acuna, Ortiz, Saavedra 1943-50",Rodolfo Biagi,Donato Calabrese,"Alfredo Attadia, Miguel Bonano, Ricardo Pedevilla","Marcos Larrosa, Claudio Gonzalez, Oscar de la Fuente"
Rodolfo Biagi ,4/17/1946,Levanta Tu Corazón,Tango,Alberto Amor,Odeon,78rpm,Venancio Clauso,Venancio Clauso,,"Amor, Acuna, Ortiz, Saavedra 1943-50",Rodolfo Biagi,Donato Calabrese,"Alfredo Attadia, Miguel Bonano, Ricardo Pedevilla","Marcos Larrosa, Claudio Gonzalez, Oscar de la Fuente"
Rodolfo Biagi ,5/23/1946,Mientras Duerme La Ciudad,Tango,Carlos Saavedra,Odeon,78rpm,Alberto Suárez Villanueva,Oscar Rubens,,"Amor, Acuna, Ortiz, Saavedra 1943-50",Rodolfo Biagi,Donato Calabrese,"Alfredo Attadia, Miguel Bonano, Ricardo Pedevilla","Marcos Larrosa, Claudio Gonzalez, Oscar de la Fuente"
Rodolfo Biagi ,5/23/1946,Camino Del Tucumán,Tango,Alberto Amor,Odeon,78rpm,José Razzano - Cátulo Castillo,José Razzano - Cátulo Castillo,,"Amor, Acuna, Ortiz, Saavedra 1943-50",Rodolfo Biagi,Donato Calabrese,"Alfredo Attadia, Miguel Bonano, Ricardo Pedevilla","Marcos Larrosa, Claudio Gonzalez, Oscar de la Fuente"
Rodolfo Biagi ,6/18/1946,Gracias,Tango,Carlos Saavedra,Odeon,78rpm,Elías Randal,Carlos Bahr,,"Amor, Acuna, Ortiz, Saavedra 1943-50",Rodolfo Biagi,Donato Calabrese,"Alfredo Attadia, Miguel Bonano, Ricardo Pedevilla","Marcos Larrosa, Claudio Gonzalez, Oscar de la Fuente"
Rodolfo Biagi ,6/18/1946,El Irresistible,Tango,Instrumental,Odeon,78rpm,Lorenzo Logatti,,,"Amor, Acuna, Ortiz, Saavedra 1943-50",Rodolfo Biagi,Donato Calabrese,"Alfredo Attadia, Miguel Bonano, Ricardo Pedevilla","Marcos Larrosa, Claudio Gonzalez, Oscar de la Fuente"
Rodolfo Biagi ,7/10/1946,Con Mi Perro,Milonga,Alberto Amor,Odeon,78rpm,Aníbal Troilo,José María Contursi,,"Amor, Acuna, Ortiz, Saavedra 1943-50",Rodolfo Biagi,Donato Calabrese,"Alfredo Attadia, Miguel Bonano, Ricardo Pedevilla","Marcos Larrosa, Claudio Gonzalez, Oscar de la Fuente"
Rodolfo Biagi ,7/10/1946,Lucienne,Tango,Alberto Amor,Odeon,78rpm,Domingo Rullo,Jorge Fuentes,,"Amor, Acuna, Ortiz, Saavedra 1943-50",Rodolfo Biagi,Donato Calabrese,"Alfredo Attadia, Miguel Bonano, Ricardo Pedevilla","Marcos Larrosa, Claudio Gonzalez, Oscar de la Fuente"
Rodolfo Biagi ,8/16/1946,La Huella,T+D:Fango,Instrumental,Odeon,78rpm,Manuel Aníbal Villanueva,,,"Amor, Acuna, Ortiz, Saavedra 1943-50",Rodolfo Biagi,Donato Calabrese,"Alfredo Attadia, Miguel Bonano, Ricardo Pedevilla","Marcos Larrosa, Claudio Gonzalez, Oscar de la Fuente"
Rodolfo Biagi ,8/16/1946,Por Eso Grito,Tango,Carlos Saavedra,Odeon,78rpm,Edgardo Donato,César Córdoba,,"Amor, Acuna, Ortiz, Saavedra 1943-50",Rodolfo Biagi,Donato Calabrese,"Alfredo Attadia, Miguel Bonano, Ricardo Pedevilla","Marcos Larrosa, Claudio Gonzalez, Oscar de la Fuente"
Rodolfo Biagi ,11/22/1946,Sin Palabras,Tango,Carlos Saavedra,Odeon,78rpm,Mariano Mores,Enrique Santos Discépolo,,"Amor, Acuna, Ortiz, Saavedra 1943-50",Rodolfo Biagi,Donato Calabrese,"Alfredo Attadia, Miguel Bonano, Ricardo Pedevilla","Marcos Larrosa, Claudio Gonzalez, Oscar de la Fuente"
Rodolfo Biagi ,11/22/1946,Cuando Llora La Milonga,T+C:Fango,Alberto Amor,Odeon,78rpm,Juan de Dios Filiberto,Luis Mario (María Luisa Carnelli),,"Amor, Acuna, Ortiz, Saavedra 1943-50",Rodolfo Biagi,Donato Calabrese,"Alfredo Attadia, Miguel Bonano, Ricardo Pedevilla","Marcos Larrosa, Claudio Gonzalez, Oscar de la Fuente"
Rodolfo Biagi ,12/30/1946,Mañana Por La Mañana,Vals,Alberto Amor,Odeon,78rpm,Emilio Brameri - Juan García Muñoz,Emilio Brameri - Juan García Muñoz,,"Amor, Acuna, Ortiz, Saavedra 1943-50",Rodolfo Biagi,Donato Calabrese,"Alfredo Attadia, Miguel Bonano, Ricardo Pedevilla","Marcos Larrosa, Claudio Gonzalez, Oscar de la Fuente"
Rodolfo Biagi ,12/30/1946,Esta Noche Me Emborracho,Tango,Carlos Saavedra,Odeon,78rpm,Enrique Santos Discépolo,Enrique Santos Discépolo,,"Amor, Acuna, Ortiz, Saavedra 1943-50",Rodolfo Biagi,Donato Calabrese,"Alfredo Attadia, Miguel Bonano, Ricardo Pedevilla","Marcos Larrosa, Claudio Gonzalez, Oscar de la Fuente"
Rodolfo Biagi ,9/23/1947,Margot,Tango,Carlos Saavedra,Odeon,78rpm,Carlos Gardel - José Razzano,Celedonio Esteban Flores,,"Amor, Acuna, Ortiz, Saavedra 1943-50",Rodolfo Biagi,Donato Calabrese,"Alfredo Attadia, Miguel Bonano, Ricardo Pedevilla","Marcos Larrosa, Claudio Gonzalez, Oscar de la Fuente"
Rodolfo Biagi ,9/23/1947,Y Dicen Que No Te Quiero,Tango,Alberto Amor,Odeon,78rpm,José Canet,José Canet,,"Amor, Acuna, Ortiz, Saavedra 1943-50",Rodolfo Biagi,Donato Calabrese,"Alfredo Attadia, Miguel Bonano, Ricardo Pedevilla","Marcos Larrosa, Claudio Gonzalez, Oscar de la Fuente"
Rodolfo Biagi ,7/22/1948,La Viruta,Tango,Instrumental,Odeon,78rpm,Vicente Greco,,,"Amor, Acuna, Ortiz, Saavedra 1943-50",Rodolfo Biagi,Donato Calabrese,"Alfredo Attadia, Miguel Bonano, Ricardo Pedevilla","Marcos Larrosa, Claudio Gonzalez, Oscar de la Fuente"
Rodolfo Biagi ,7/22/1948,Por La Güella,Milonga,Carlos Saavedra,Odeon,78rpm,Rodolfo Biagi,Homero Manzi,,"Amor, Acuna, Ortiz, Saavedra 1943-50",Rodolfo Biagi,Donato Calabrese,"Alfredo Attadia, Miguel Bonano, Ricardo Pedevilla","Marcos Larrosa, Claudio Gonzalez, Oscar de la Fuente"
Rodolfo Biagi ,4/13/1950,A La Gran Muñeca,Tango,Instrumental,Odeon,78rpm,Jesús Ventura,Miguel Osés,,Duval 1950-56,Rodolfo Biagi,Donato Calabrese,"Alfredo Attadia, Miguel Bonano, Ricardo Pedevilla","Marcos Larrosa, Claudio Gonzalez, Oscar de la Fuente"
Rodolfo Biagi ,4/13/1950,Matala,Tango,Carlos Heredia,Odeon,78rpm,Eduardo Bonessi,Eduardo Bonessi - Julio Bonnet,,Duval 1950-56,Rodolfo Biagi,Donato Calabrese,"Alfredo Attadia, Miguel Bonano, Ricardo Pedevilla","Marcos Larrosa, Claudio Gonzalez, Oscar de la Fuente"
Rodolfo Biagi ,9/13/1950,Racing Club,Tango,Instrumental,Odeon,78rpm,Vicente Greco,Carlos Pesce,,Duval 1950-56,Rodolfo Biagi,Donato Calabrese,"Alfredo Attadia, Miguel Bonano, Ricardo Pedevilla","Marcos Larrosa, Claudio Gonzalez, Oscar de la Fuente"
Rodolfo Biagi ,9/13/1950,Serenata Campera,Vals,Hugo Duval,Odeon,78rpm,Feliciano Brunelli,Lito Bayardo,,Duval 1950-56,Rodolfo Biagi,Donato Calabrese,"Alfredo Attadia, Miguel Bonano, Ricardo Pedevilla","Marcos Larrosa, Claudio Gonzalez, Oscar de la Fuente"
Rodolfo Biagi ,7/30/1951,Bailarina De Tango,Tango,Hugo Duval,Odeon,78rpm,Oscar de la Fuente,Horacio Sanguinetti,,Duval 1950-56,Rodolfo Biagi,Donato Calabrese,"Alfredo Attadia, Miguel Bonano, Ricardo Pedevilla","Marcos Larrosa, Claudio Gonzalez, Oscar de la Fuente"
Rodolfo Biagi ,7/30/1951,Caricias,Tango,Carlos Heredia,Odeon,78rpm,Juan Martí,Alfredo Bigeschi,,Duval 1950-56,Rodolfo Biagi,Donato Calabrese,"Alfredo Attadia, Miguel Bonano, Ricardo Pedevilla","Marcos Larrosa, Claudio Gonzalez, Oscar de la Fuente"
Rodolfo Biagi ,10/4/1951,Adoración,Vals,Hugo Duval y Carlos Heredia,Odeon,78rpm,Ramón Argüello - Pedro Pidoto,Ramón Argüello - Pedro Pidoto,,Duval 1950-56,Rodolfo Biagi,Donato Calabrese,"Alfredo Attadia, Miguel Bonano, Ricardo Pedevilla","Marcos Larrosa, Claudio Gonzalez, Oscar de la Fuente"
Rodolfo Biagi ,10/4/1951,Por Tener Un Corazón,Tango,Hugo Duval,Odeon,78rpm,Rodolfo Biagi,Francisco Gorrindo,,Duval 1950-56,Rodolfo Biagi,Donato Calabrese,"Alfredo Attadia, Miguel Bonano, Ricardo Pedevilla","Marcos Larrosa, Claudio Gonzalez, Oscar de la Fuente"
Rodolfo Biagi ,11/5/1952,La Copa Del Olvido,Tango,Hugo Duval,Odeon,Tape,Enrique Delfino,Alberto Vaccarezza,,Duval 1950-56,Rodolfo Biagi,Donato Calabrese,"Alfredo Attadia, Miguel Bonano, Ricardo Pedevilla","Marcos Larrosa, Claudio Gonzalez, Oscar de la Fuente"
Rodolfo Biagi ,11/5/1952,El Recodo,Tango,Instrumental,Odeon,Tape,Alejandro Junnissi,Armando Tagini,,Duval 1950-56,Rodolfo Biagi,Donato Calabrese,"Alfredo Attadia, Miguel Bonano, Ricardo Pedevilla","Marcos Larrosa, Claudio Gonzalez, Oscar de la Fuente"
Rodolfo Biagi ,5/19/1953,Y Volvemos A Querernos,Tango,Carlos Heredia,Odeon,Tape,Luciano Leocata,Abel Aznar,,Duval 1950-56,Rodolfo Biagi,Donato Calabrese,"Alfredo Attadia, Miguel Bonano, Ricardo Pedevilla","Marcos Larrosa, Claudio Gonzalez, Oscar de la Fuente"
Rodolfo Biagi ,5/19/1953,El Internado,Tango,Instrumental,Odeon,Tape,Francisco Canaro,,,Duval 1950-56,Rodolfo Biagi,Donato Calabrese,"Alfredo Attadia, Miguel Bonano, Ricardo Pedevilla","Marcos Larrosa, Claudio Gonzalez, Oscar de la Fuente"
Rodolfo Biagi ,12/12/1953,Mi Pecadora,Tango,Hugo Duval,Odeon,Tape,Oscar de la Fuente,Oscar de la Fuente,,Duval 1950-56,Rodolfo Biagi,Donato Calabrese,"Alfredo Attadia, Miguel Bonano, Ricardo Pedevilla","Marcos Larrosa, Claudio Gonzalez, Oscar de la Fuente"
Rodolfo Biagi ,12/12/1953,Estás Llorando,Tango,Hugo Duval,Odeon,Tape,Juan Alfredo Pedernera,Carlos Antonio Russo,,Duval 1950-56,Rodolfo Biagi,Donato Calabrese,"Alfredo Attadia, Miguel Bonano, Ricardo Pedevilla","Marcos Larrosa, Claudio Gonzalez, Oscar de la Fuente"
Rodolfo Biagi ,6/29/1954,Cielito Lindo,Tango,Instrumental,Odeon,Tape,Osvaldo Fresedo,Emilio Fresedo,,Duval 1950-56,Rodolfo Biagi,Donato Calabrese,"Alfredo Attadia, Miguel Bonano, Ricardo Pedevilla","Marcos Larrosa, Claudio Gonzalez, Oscar de la Fuente"
Rodolfo Biagi ,6/29/1954,Sangre De Mi Sangre,Tango,Hugo Duval,Odeon,Tape,Reinaldo Yiso - Juan Manuel Mañueco,Juan Manuel Mañueco - Reinaldo Yiso,,Duval 1950-56,Rodolfo Biagi,Donato Calabrese,"Alfredo Attadia, Miguel Bonano, Ricardo Pedevilla","Marcos Larrosa, Claudio Gonzalez, Oscar de la Fuente"
Rodolfo Biagi ,12/29/1954,Y No Te Voy A Llorar,Tango,Hugo Duval,Odeon,Tape,Luciano Leocata,Abel Aznar,,Duval 1950-56,Rodolfo Biagi,Donato Calabrese,"Alfredo Attadia, Miguel Bonano, Ricardo Pedevilla","Marcos Larrosa, Claudio Gonzalez, Oscar de la Fuente"
Rodolfo Biagi ,12/29/1954,No Me Digas Que No,Tango,Hugo Duval,Odeon,Tape,Agustín Bergoto,Carlos Antonio Russo,,Duval 1950-56,Rodolfo Biagi,Donato Calabrese,"Alfredo Attadia, Miguel Bonano, Ricardo Pedevilla","Marcos Larrosa, Claudio Gonzalez, Oscar de la Fuente"
Rodolfo Biagi ,4/11/1955,Triste Comedia,Tango,Hugo Duval,Odeon,Tape,Héctor Stamponi,Oscar Rubens,,Duval 1950-56,Rodolfo Biagi,Donato Calabrese,"Alfredo Attadia, Miguel Bonano, Ricardo Pedevilla","Marcos Larrosa, Claudio Gonzalez, Oscar de la Fuente"
Rodolfo Biagi ,4/11/1955,Santa Milonguita,Tango,Hugo Duval,Odeon,Tape,Enrique Delfino,Enrique Cadícamo,,Duval 1950-56,Rodolfo Biagi,Donato Calabrese,"Alfredo Attadia, Miguel Bonano, Ricardo Pedevilla","Marcos Larrosa, Claudio Gonzalez, Oscar de la Fuente"
Rodolfo Biagi ,3/24/1956,Organito De La Tarde,Tango,Instrumental,Odeon,Tape,Cátulo Castillo,José González Castillo,,Duval 1950-56,Rodolfo Biagi,Donato Calabrese,"Alfredo Attadia, Miguel Bonano, Ricardo Pedevilla","Marcos Larrosa, Claudio Gonzalez, Oscar de la Fuente"
Rodolfo Biagi ,3/24/1956,Alguien,Tango,Hugo Duval,Odeon,Tape,Héctor Stamponi,Eugenio Majul,,Duval 1950-56,Rodolfo Biagi,Donato Calabrese,"Alfredo Attadia, Miguel Bonano, Ricardo Pedevilla","Marcos Larrosa, Claudio Gonzalez, Oscar de la Fuente"
Rodolfo Biagi ,8/28/1956,El Carrerito,Tango,Hugo Duval,Columbia,Tape,Raúl de los Hoyos,Alberto Vaccarezza,,Columbia Records 1956-61,Rodolfo Biagi,Donato Calabrese,"Juan Migliore, Carlos Vandemberg, Agustin Bergato, Luis Maggiolo, Juan Kujta","Adolfo Muzzi, Oscar de la Fuente, Oscar de la Fuente, Naum Klotzman, Cayetano Nostro"
Rodolfo Biagi ,8/28/1956,Ramona,Vals,Hugo Duval,Columbia,Tape,Mabel Wayne,Enrique Cadícamo,,Columbia Records 1956-61,Rodolfo Biagi,Donato Calabrese,"Juan Migliore, Carlos Vandemberg, Agustin Bergato, Luis Maggiolo, Juan Kujta","Adolfo Muzzi, Oscar de la Fuente, Oscar de la Fuente, Naum Klotzman, Cayetano Nostro"
Rodolfo Biagi ,1/9/1957,Soñemos,Tango,Hugo Duval,Columbia,Tape,Roberto Caló - Roberto Rufino - Reinaldo Yiso,Roberto Caló - Roberto Rufino - Reinaldo Yiso,,Columbia Records 1956-61,Rodolfo Biagi,Donato Calabrese,"Juan Migliore, Carlos Vandemberg, Agustin Bergato, Luis Maggiolo, Juan Kujta","Adolfo Muzzi, Oscar de la Fuente, Oscar de la Fuente, Naum Klotzman, Cayetano Nostro"
Rodolfo Biagi ,1/9/1957,Mi Vida En Tus Manos,Tango,Hugo Duval,Columbia,Tape,Oscar de la Fuente,Oscar de la Fuente,,Columbia Records 1956-61,Rodolfo Biagi,Donato Calabrese,"Juan Migliore, Carlos Vandemberg, Agustin Bergato, Luis Maggiolo, Juan Kujta","Adolfo Muzzi, Oscar de la Fuente, Oscar de la Fuente, Naum Klotzman, Cayetano Nostro"
Rodolfo Biagi ,5/24/1957,Espérame En El Cielo,Tango,Hugo Duval,Columbia,Tape,Francisco López,Francisco López,,Columbia Records 1956-61,Rodolfo Biagi,Donato Calabrese,"Juan Migliore, Carlos Vandemberg, Agustin Bergato, Luis Maggiolo, Juan Kujta","Adolfo Muzzi, Oscar de la Fuente, Oscar de la Fuente, Naum Klotzman, Cayetano Nostro"
Rodolfo Biagi ,5/24/1957,Solamente Dios Y Yo,Tango,Hugo Duval,Columbia,Tape,Manuel Rosas,Juan Magliere,,Columbia Records 1956-61,Rodolfo Biagi,Donato Calabrese,"Juan Migliore, Carlos Vandemberg, Agustin Bergato, Luis Maggiolo, Juan Kujta","Adolfo Muzzi, Oscar de la Fuente, Oscar de la Fuente, Naum Klotzman, Cayetano Nostro"
Rodolfo Biagi ,9/9/1958,Aquí En La Tierra,Tango,Hugo Duval,Columbia,Tape,Enrique Munné,Carlos Bahr,,Columbia Records 1956-61,Rodolfo Biagi,Donato Calabrese,"Juan Migliore, Carlos Vandemberg, Agustin Bergato, Luis Maggiolo, Juan Kujta","Adolfo Muzzi, Oscar de la Fuente, Oscar de la Fuente, Naum Klotzman, Cayetano Nostro"
Rodolfo Biagi ,9/9/1958,Como En Un Cuento,Vals,Hugo Duval,Columbia,Tape,Rodolfo Biagi,Carlos Bahr,,Columbia Records 1956-61,Rodolfo Biagi,Donato Calabrese,"Juan Migliore, Carlos Vandemberg, Agustin Bergato, Luis Maggiolo, Juan Kujta","Adolfo Muzzi, Oscar de la Fuente, Oscar de la Fuente, Naum Klotzman, Cayetano Nostro"
Rodolfo Biagi ,11/12/1958,Amor Mío,Tango,Hugo Duval,Columbia,Tape,José María Suñé,Carlos Bahr,,Columbia Records 1956-61,Rodolfo Biagi,Donato Calabrese,"Juan Migliore, Carlos Vandemberg, Agustin Bergato, Luis Maggiolo, Juan Kujta","Adolfo Muzzi, Oscar de la Fuente, Oscar de la Fuente, Naum Klotzman, Cayetano Nostro"
Rodolfo Biagi ,11/12/1958,Todo Es Amor,Tango,Hugo Duval,Columbia,Tape,Leo Lipesker,Alejandro Romay,,Columbia Records 1956-61,Rodolfo Biagi,Donato Calabrese,"Juan Migliore, Carlos Vandemberg, Agustin Bergato, Luis Maggiolo, Juan Kujta","Adolfo Muzzi, Oscar de la Fuente, Oscar de la Fuente, Naum Klotzman, Cayetano Nostro"
Rodolfo Biagi ,3/6/1959,En El Lago Azul,Tango,Hugo Duval,Columbia,Tape,Roberto Rufino,Alejandro Romay,,Columbia Records 1956-61,Rodolfo Biagi,Donato Calabrese,"Juan Migliore, Carlos Vandemberg, Agustin Bergato, Luis Maggiolo, Juan Kujta","Adolfo Muzzi, Oscar de la Fuente, Oscar de la Fuente, Naum Klotzman, Cayetano Nostro"
Rodolfo Biagi ,3/6/1959,Mi Alondra,Tango,Hugo Duval,Columbia,Tape,Oscar de la Fuente,Oscar de la Fuente,,Columbia Records 1956-61,Rodolfo Biagi,Donato Calabrese,"Juan Migliore, Carlos Vandemberg, Agustin Bergato, Luis Maggiolo, Juan Kujta","Adolfo Muzzi, Oscar de la Fuente, Oscar de la Fuente, Naum Klotzman, Cayetano Nostro"
Rodolfo Biagi ,9/16/1959,La Canción,Tango,Hugo Duval,Columbia,Tape,Juan de Dios Filiberto,Lito Bayardo,,Columbia Records 1956-61,Rodolfo Biagi,Donato Calabrese,"Juan Migliore, Carlos Vandemberg, Agustin Bergato, Luis Maggiolo, Juan Kujta","Adolfo Muzzi, Oscar de la Fuente, Oscar de la Fuente, Naum Klotzman, Cayetano Nostro"
Rodolfo Biagi ,9/16/1959,Oh Mama Mía,Tango,Hugo Duval,Columbia,Tape,Rodolfo Biagi,Carlos Marín,,Columbia Records 1956-61,Rodolfo Biagi,Donato Calabrese,"Juan Migliore, Carlos Vandemberg, Agustin Bergato, Luis Maggiolo, Juan Kujta","Adolfo Muzzi, Oscar de la Fuente, Oscar de la Fuente, Naum Klotzman, Cayetano Nostro"
Rodolfo Biagi ,7/20/1960,Te Burlas Tristeza,Tango,Hugo Duval,Columbia,Tape,Edmundo Baya,Julio César Curi,,Columbia Records 1956-61,Rodolfo Biagi,Donato Calabrese,"Juan Migliore, Carlos Vandemberg, Agustin Bergato, Luis Maggiolo, Juan Kujta","Adolfo Muzzi, Oscar de la Fuente, Oscar de la Fuente, Naum Klotzman, Cayetano Nostro"
Rodolfo Biagi ,7/20/1960,Ayúdame,Tango,Hugo Duval,Columbia,Tape,Leo Lipesker,Alejandro Romay,,Columbia Records 1956-61,Rodolfo Biagi,Donato Calabrese,"Juan Migliore, Carlos Vandemberg, Agustin Bergato, Luis Maggiolo, Juan Kujta","Adolfo Muzzi, Oscar de la Fuente, Oscar de la Fuente, Naum Klotzman, Cayetano Nostro"
Rodolfo Biagi ,8/7/1961,Andrajos,Tango,Hugo Duval,Columbia,Tape,Enrique Santos Discépolo,Alberto Laureano Martínez,,Columbia Records 1956-61,Rodolfo Biagi,Donato Calabrese,"Juan Migliore, Carlos Vandemberg, Agustin Bergato, Luis Maggiolo, Juan Kujta","Adolfo Muzzi, Oscar de la Fuente, Oscar de la Fuente, Naum Klotzman, Cayetano Nostro"
Rodolfo Biagi ,8/7/1961,Venus,Tango,Instrumental,Columbia,Tape,Alfredo Bevilacqua,,,Columbia Records 1956-61,Rodolfo Biagi,Donato Calabrese,"Juan Migliore, Carlos Vandemberg, Agustin Bergato, Luis Maggiolo, Juan Kujta","Adolfo Muzzi, Oscar de la Fuente, Oscar de la Fuente, Naum Klotzman, Cayetano Nostro"
Rodolfo Biagi ,10/4/1961,Canción Para Un Cariño,Tango,Hugo Duval,Columbia,Tape,Luis Maggiolo,Reinaldo Yiso,,Columbia Records 1956-61,Rodolfo Biagi,Donato Calabrese,"Juan Migliore, Carlos Vandemberg, Agustin Bergato, Luis Maggiolo, Juan Kujta","Adolfo Muzzi, Oscar de la Fuente, Oscar de la Fuente, Naum Klotzman, Cayetano Nostro"
Rodolfo Biagi ,10/4/1961,Bar Exposición,Tango,Instrumental,Columbia,Tape,Luis Teisseire,,,Columbia Records 1956-61,Rodolfo Biagi,Donato Calabrese,"Juan Migliore, Carlos Vandemberg, Agustin Bergato, Luis Maggiolo, Juan Kujta","Adolfo Muzzi, Oscar de la Fuente, Oscar de la Fuente, Naum Klotzman, Cayetano Nostro"
Rodolfo Biagi ,1962,Amor De Verano,Tango,Hugo Duval,Music-Hall,Tape,Luis Stazo,Federico Silva,,Music-Hall Records 1962-66,Rodolfo Biagi,Donato Calabrese,"Juan Migliore, Carlos Vandemberg, Agustin Bergato, Luis Maggiolo, Juan Kujta","Adolfo Muzzi, Oscar de la Fuente, Oscar de la Fuente, Naum Klotzman, Cayetano Nostro"
Rodolfo Biagi ,1962,Canaro,Tango,Instrumental,Music-Hall,Tape,José Martínez,,,Music-Hall Records 1962-66,Rodolfo Biagi,Donato Calabrese,"Juan Migliore, Carlos Vandemberg, Agustin Bergato, Luis Maggiolo, Juan Kujta","Adolfo Muzzi, Oscar de la Fuente, Oscar de la Fuente, Naum Klotzman, Cayetano Nostro"
Rodolfo Biagi ,1962,Con Un Silbido En Los Labios,Tango,Carlos Almagro,Music-Hall,Tape,Víctor Braña / Tito Ribero,Enrique Gaudino,,Music-Hall Records 1962-66,Rodolfo Biagi,Donato Calabrese,"Juan Migliore, Carlos Vandemberg, Agustin Bergato, Luis Maggiolo, Juan Kujta","Adolfo Muzzi, Oscar de la Fuente, Oscar de la Fuente, Naum Klotzman, Cayetano Nostro"
Rodolfo Biagi ,1962,Duerme Mi Niña,Tango,Carlos Almagro,Music-Hall,Tape,Mario Canaro,Víctor Prestipino,,Music-Hall Records 1962-66,Rodolfo Biagi,Donato Calabrese,"Juan Migliore, Carlos Vandemberg, Agustin Bergato, Luis Maggiolo, Juan Kujta","Adolfo Muzzi, Oscar de la Fuente, Oscar de la Fuente, Naum Klotzman, Cayetano Nostro"
Rodolfo Biagi ,1962,La Tablada,Tango,Instrumental,Music-Hall,Tape,Francisco Canaro,,,Music-Hall Records 1962-66,Rodolfo Biagi,Donato Calabrese,"Juan Migliore, Carlos Vandemberg, Agustin Bergato, Luis Maggiolo, Juan Kujta","Adolfo Muzzi, Oscar de la Fuente, Oscar de la Fuente, Naum Klotzman, Cayetano Nostro"
Rodolfo Biagi ,1962,Mariposita,Tango,Hugo Duval,Music-Hall,Tape,Anselmo Aieta,Francisco García Jiménez,,Music-Hall Records 1962-66,Rodolfo Biagi,Donato Calabrese,"Juan Migliore, Carlos Vandemberg, Agustin Bergato, Luis Maggiolo, Juan Kujta","Adolfo Muzzi, Oscar de la Fuente, Oscar de la Fuente, Naum Klotzman, Cayetano Nostro"
Rodolfo Biagi ,1962,Milonga Con Variaciónes,Tango,Instrumental,Music-Hall,Tape,Francisco Canaro,,,Music-Hall Records 1962-66,Rodolfo Biagi,Donato Calabrese,"Juan Migliore, Carlos Vandemberg, Agustin Bergato, Luis Maggiolo, Juan Kujta","Adolfo Muzzi, Oscar de la Fuente, Oscar de la Fuente, Naum Klotzman, Cayetano Nostro"
Rodolfo Biagi ,1962,Si No Estuvieras Tú,Tango,Carlos Almagro,Music-Hall,Tape,Leo Lipesker,Víctor Braña,,Music-Hall Records 1962-66,Rodolfo Biagi,Donato Calabrese,"Juan Migliore, Carlos Vandemberg, Agustin Bergato, Luis Maggiolo, Juan Kujta","Adolfo Muzzi, Oscar de la Fuente, Oscar de la Fuente, Naum Klotzman, Cayetano Nostro"
Rodolfo Biagi ,1962,¿Y A Mi Qué?,Tango,Carlos Almagro,Music-Hall,Tape,Aníbal Troilo,Cátulo Castillo,,Music-Hall Records 1962-66,Rodolfo Biagi,Donato Calabrese,"Juan Migliore, Carlos Vandemberg, Agustin Bergato, Luis Maggiolo, Juan Kujta","Adolfo Muzzi, Oscar de la Fuente, Oscar de la Fuente, Naum Klotzman, Cayetano Nostro"
Rodolfo Biagi ,1966,Arriba Jara,Tango,Hugo Duval,Music Hall,Tape,Héctor Marcó,,,Music-Hall Records 1962-66,Rodolfo Biagi,Donato Calabrese,"Juan Migliore, Carlos Vandemberg, Agustin Bergato, Luis Maggiolo, Juan Kujta","Adolfo Muzzi, Oscar de la Fuente, Oscar de la Fuente, Naum Klotzman, Cayetano Nostro"
Rodolfo Biagi ,1966,Estrella,Tango,Hugo Duval,Music Hall,Tape,Roberto Cassinelli; Marcelino Hernández,,,Music-Hall Records 1962-66,Rodolfo Biagi,Donato Calabrese,"Juan Migliore, Carlos Vandemberg, Agustin Bergato, Luis Maggiolo, Juan Kujta","Adolfo Muzzi, Oscar de la Fuente, Oscar de la Fuente, Naum Klotzman, Cayetano Nostro"
Rodolfo Biagi ,1966,Palermo,Tango,Carlos Almagro,Music Hall,Tape,Enrique Pedro Delfino,,,Music-Hall Records 1962-66,Rodolfo Biagi,Donato Calabrese,"Juan Migliore, Carlos Vandemberg, Agustin Bergato, Luis Maggiolo, Juan Kujta","Adolfo Muzzi, Oscar de la Fuente, Oscar de la Fuente, Naum Klotzman, Cayetano Nostro"
